rule_label,lhs,rhs,row_index_1,row_index_2,datetime_1,datetime_2,station_1,station_2,month_1,month_2,time_slot_1,time_slot_2,rhs_value_1,rhs_value_2,rhs_abs_diff,PM10_1,PM10_2,NO2_1,NO2_2,O3_1,O3_2,TEMP_1,TEMP_2,PM2.5_1,PM2.5_2
"station, PM10, NO2, O3, TEMP -> WSPM","station, PM10, NO2, O3, TEMP",WSPM,1208,1643,2016-01-19,2017-01-31,Changping,Changping,2016-01,2017-01,afternoon,night,4.7,1.3,3.4000000000000004,44.0,43.5,29.0,21.5,48.0,40.5,-4.3,-2.75,,
"station, PM10, NO2, O3, TEMP -> WSPM","station, PM10, NO2, O3, TEMP",WSPM,213,1080,2013-08-27,2015-09-29,Changping,Changping,2013-08,2015-09,evening,afternoon,0.95,4.300000000000001,3.3500000000000005,54.0,46.5,23.5,25.5,54.5,58.0,21.75,21.799999999999997,,
"station, PM10, NO2, O3, TEMP -> WSPM","station, PM10, NO2, O3, TEMP",WSPM,883,1240,2015-04-07,2016-02-16,Changping,Changping,2015-04,2016-02,night,afternoon,1.5,4.75,3.25,52.0,39.0,28.0,37.0,55.0,64.0,6.8,6.8,,
"station, PM10, NO2, O3, TEMP -> WSPM","station, PM10, NO2, O3, TEMP",WSPM,399,1208,2014-02-04,2016-01-19,Changping,Changping,2014-02,2016-01,night,afternoon,1.45,4.7,3.25,46.0,44.0,31.5,29.0,38.0,48.0,-5.800000000000001,-4.3,,
"station, PM10, NO2, O3, TEMP -> WSPM","station, PM10, NO2, O3, TEMP",WSPM,1003,1080,2015-07-21,2015-09-29,Changping,Changping,2015-07,2015-09,night,afternoon,1.1,4.300000000000001,3.2000000000000006,60.0,46.5,18.5,25.5,53.0,58.0,23.200000000000003,21.799999999999997,,
"station, PM10, NO2, O3, TEMP -> WSPM","station, PM10, NO2, O3, TEMP",WSPM,1080,1411,2015-09-29,2016-07-12,Changping,Changping,2015-09,2016-07,afternoon,night,4.300000000000001,1.1,3.2000000000000006,46.5,44.5,25.5,18.5,58.0,50.0,21.799999999999997,22.5,,
"station, PM10, NO2, O3, TEMP -> WSPM","station, PM10, NO2, O3, TEMP",WSPM,623,1080,2014-08-19,2015-09-29,Changping,Changping,2014-08,2015-09,night,afternoon,1.15,4.300000000000001,3.150000000000001,60.5,46.5,31.0,25.5,59.5,58.0,22.4,21.799999999999997,,
"station, PM10, NO2, O3, TEMP -> WSPM","station, PM10, NO2, O3, TEMP",WSPM,994,1080,2015-07-14,2015-09-29,Changping,Changping,2015-07,2015-09,morning,afternoon,1.2,4.300000000000001,3.1000000000000005,39.0,46.5,25.0,25.5,57.0,58.0,22.7,21.799999999999997,,
"station, PM10, NO2, O3, TEMP -> WSPM","station, PM10, NO2, O3, TEMP",WSPM,183,1088,2013-07-30,2015-10-06,Changping,Changping,2013-07,2015-10,night,afternoon,0.8,3.85,3.05,19.0,20.5,21.0,20.5,62.5,63.0,21.950000000000003,21.75,,
"station, PM10, NO2, O3, TEMP -> WSPM","station, PM10, NO2, O3, TEMP",WSPM,1080,1395,2015-09-29,2016-06-28,Changping,Changping,2015-09,2016-06,afternoon,night,4.300000000000001,1.3,3.000000000000001,46.5,48.0,25.5,20.5,58.0,53.0,21.799999999999997,22.0,,
"station, PM10, NO2, O3, TEMP -> WSPM","station, PM10, NO2, O3, TEMP",WSPM,1059,1090,2015-09-08,2015-10-06,Changping,Changping,2015-09,2015-10,night,morning,1.2,4.2,3.0,24.5,25.0,34.5,28.0,37.0,42.0,17.1,15.4,,
"station, PM10, NO2, O3, TEMP -> WSPM","station, PM10, NO2, O3, TEMP",WSPM,151,1088,2013-07-02,2015-10-06,Changping,Changping,2013-07,2015-10,night,afternoon,0.9,3.85,2.95,26.0,20.5,20.0,20.5,58.0,63.0,23.7,21.75,,
"station, PM10, NO2, O3, TEMP -> WSPM","station, PM10, NO2, O3, TEMP",WSPM,1080,1481,2015-09-29,2016-09-13,Changping,Changping,2015-09,2016-09,afternoon,evening,4.300000000000001,1.4,2.900000000000001,46.5,41.0,25.5,34.0,58.0,51.0,21.799999999999997,20.425,,
"station, PM10, NO2, O3, TEMP -> WSPM","station, PM10, NO2, O3, TEMP",WSPM,947,1080,2015-06-02,2015-09-29,Changping,Changping,2015-06,2015-09,night,afternoon,1.4,4.300000000000001,2.900000000000001,36.0,46.5,21.0,25.5,54.0,58.0,20.5,21.799999999999997,,
"station, PM10, NO2, O3, TEMP -> WSPM","station, PM10, NO2, O3, TEMP",WSPM,1208,1619,2016-01-19,2017-01-10,Changping,Changping,2016-01,2017-01,afternoon,night,4.7,1.8,2.9000000000000004,44.0,31.0,29.0,30.0,48.0,38.0,-4.3,-2.86666666666667,,
"station, PM10, NO2, O3, TEMP -> WSPM","station, PM10, NO2, O3, TEMP",WSPM,1080,1371,2015-09-29,2016-06-07,Changping,Changping,2015-09,2016-06,afternoon,night,4.300000000000001,1.45,2.8500000000000005,46.5,59.5,25.5,29.5,58.0,48.0,21.799999999999997,19.8,,
"station, PM10, NO2, O3, TEMP -> WSPM","station, PM10, NO2, O3, TEMP",WSPM,631,1288,2014-08-26,2016-03-29,Changping,Changping,2014-08,2016-03,night,afternoon,1.2,4.05,2.8499999999999996,51.5,62.0,32.0,30.5,82.0,74.0,20.8,19.5,,
"station, PM10, NO2, O3, TEMP -> WSPM","station, PM10, NO2, O3, TEMP",WSPM,1202,1208,2016-01-12,2016-01-19,Changping,Changping,2016-01,2016-01,morning,afternoon,1.9,4.7,2.8000000000000003,49.5,44.0,36.5,29.0,44.0,48.0,-5.15,-4.3,,
"station, PM10, NO2, O3, TEMP -> WSPM","station, PM10, NO2, O3, TEMP",WSPM,1192,1641,2016-01-05,2017-01-31,Changping,Changping,2016-01,2017-01,afternoon,evening,4.0,1.2,2.8,38.5,42.0,40.5,42.5,45.5,45.5,0.8500000000000001,1.4500000000000002,,
"station, PM10, NO2, O3, TEMP -> WSPM","station, PM10, NO2, O3, TEMP",WSPM,954,1080,2015-06-09,2015-09-29,Changping,Changping,2015-06,2015-09,morning,afternoon,1.6,4.300000000000001,2.7000000000000006,45.0,46.5,29.0,25.5,57.0,58.0,22.8,21.799999999999997,,
"station, PM10, NO2, O3, TEMP -> WSPM","station, PM10, NO2, O3, TEMP",WSPM,1049,1088,2015-09-01,2015-10-06,Changping,Changping,2015-09,2015-10,evening,afternoon,1.2,3.85,2.6500000000000004,29.0,20.5,25.0,20.5,61.5,63.0,22.35,21.75,,
"station, PM10, NO2, O3, TEMP -> WSPM","station, PM10, NO2, O3, TEMP",WSPM,1019,1088,2015-08-04,2015-10-06,Changping,Changping,2015-08,2015-10,night,afternoon,1.2,3.85,2.6500000000000004,27.0,20.5,18.0,20.5,61.0,63.0,22.4,21.75,,
"station, PM10, NO2, O3, TEMP -> WSPM","station, PM10, NO2, O3, TEMP",WSPM,931,1288,2015-05-19,2016-03-29,Changping,Changping,2015-05,2016-03,night,afternoon,1.4,4.05,2.65,59.0,62.0,22.0,30.5,77.5,74.0,19.5,19.5,,
"station, PM10, NO2, O3, TEMP -> WSPM","station, PM10, NO2, O3, TEMP",WSPM,1288,1337,2016-03-29,2016-05-10,Changping,Changping,2016-03,2016-05,afternoon,evening,4.05,1.4,2.65,62.0,59.0,30.5,32.5,74.0,75.0,19.5,20.8,,
"station, PM10, NO2, O3, TEMP -> WSPM","station, PM10, NO2, O3, TEMP",WSPM,1192,1243,2016-01-05,2016-02-16,Changping,Changping,2016-01,2016-02,afternoon,night,4.0,1.4,2.6,38.5,43.5,40.5,32.5,45.5,44.0,0.8500000000000001,1.1,,
"station, PM10, NO2, O3, TEMP -> WSPM","station, PM10, NO2, O3, TEMP",WSPM,631,1304,2014-08-26,2016-04-12,Changping,Changping,2014-08,2016-04,night,afternoon,1.2,3.8,2.5999999999999996,51.5,61.5,32.0,24.0,82.0,75.0,20.8,19.0,,
"station, PM10, NO2, O3, TEMP -> WSPM","station, PM10, NO2, O3, TEMP",WSPM,660,1080,2014-09-23,2015-09-29,Changping,Changping,2014-09,2015-09,afternoon,afternoon,1.75,4.300000000000001,2.5500000000000007,32.0,46.5,29.0,25.5,54.0,58.0,21.1,21.799999999999997,,
"station, PM10, NO2, O3, TEMP -> WSPM","station, PM10, NO2, O3, TEMP",WSPM,492,939,2014-04-29,2015-05-26,Changping,Changping,2014-04,2015-05,afternoon,night,3.7,1.2,2.5,123.0,114.5,29.0,27.0,98.0,99.0,22.45,22.5,,
"station, PM10, NO2, O3, TEMP -> WSPM","station, PM10, NO2, O3, TEMP",WSPM,260,1288,2013-10-08,2016-03-29,Changping,Changping,2013-10,2016-03,afternoon,afternoon,1.55,4.05,2.5,69.0,62.0,37.0,30.5,65.5,74.0,19.35,19.5,,
"station, PM10, NO2, O3, TEMP -> WSPM","station, PM10, NO2, O3, TEMP",WSPM,30,1242,2013-03-19,2016-02-16,Changping,Changping,2013-03,2016-02,morning,morning,1.15,3.6,2.45,60.0,55.0,51.0,57.0,35.5,43.0,2.45,0.9,,
"station, PM10, NO2, O3, TEMP -> WSPM","station, PM10, NO2, O3, TEMP",WSPM,1041,1088,2015-08-25,2015-10-06,Changping,Changping,2015-08,2015-10,evening,afternoon,1.4,3.85,2.45,28.5,20.5,19.5,20.5,71.5,63.0,23.3,21.75,,
"station, PM10, NO2, O3, TEMP -> WSPM","station, PM10, NO2, O3, TEMP",WSPM,931,1304,2015-05-19,2016-04-12,Changping,Changping,2015-05,2016-04,night,afternoon,1.4,3.8,2.4,59.0,61.5,22.0,24.0,77.5,75.0,19.5,19.0,,
"station, PM10, NO2, O3, TEMP -> WSPM","station, PM10, NO2, O3, TEMP",WSPM,1304,1337,2016-04-12,2016-05-10,Changping,Changping,2016-04,2016-05,afternoon,evening,3.8,1.4,2.4,61.5,59.0,24.0,32.5,75.0,75.0,19.0,20.8,,
"station, PM10, NO2, O3, TEMP -> WSPM","station, PM10, NO2, O3, TEMP",WSPM,348,1649,2013-12-24,2017-02-07,Changping,Changping,2013-12,2017-02,afternoon,evening,3.8499999999999996,1.5,2.3499999999999996,63.0,60.5,29.0,34.0,50.0,46.0,1.25,0.0,,
"station, PM10, NO2, O3, TEMP -> WSPM","station, PM10, NO2, O3, TEMP",WSPM,350,834,2013-12-24,2015-02-24,Changping,Changping,2013-12,2015-02,morning,morning,3.8499999999999996,1.5,2.3499999999999996,45.0,43.0,36.0,33.0,29.5,31.5,-2.1500000000000004,-0.9,,
"station, PM10, NO2, O3, TEMP -> WSPM","station, PM10, NO2, O3, TEMP",WSPM,740,1243,2014-12-02,2016-02-16,Changping,Changping,2014-12,2016-02,afternoon,night,3.7,1.4,2.3000000000000003,51.0,43.5,25.0,32.5,45.0,44.0,2.2,1.1,,
"station, PM10, NO2, O3, TEMP -> WSPM","station, PM10, NO2, O3, TEMP",WSPM,716,1291,2014-11-11,2016-03-29,Changping,Changping,2014-11,2016-03,afternoon,night,3.6,1.35,2.25,39.0,25.5,15.5,18.0,56.0,49.0,10.9,11.7,,
"station, PM10, NO2, O3, TEMP -> WSPM","station, PM10, NO2, O3, TEMP",WSPM,809,1192,2015-02-03,2016-01-05,Changping,Changping,2015-02,2016-01,evening,afternoon,1.75,4.0,2.25,52.0,38.5,47.5,40.5,36.5,45.5,1.0,0.8500000000000001,,
"station, PM10, NO2, O3, TEMP -> WSPM","station, PM10, NO2, O3, TEMP",WSPM,319,350,2013-11-26,2013-12-24,Changping,Changping,2013-11,2013-12,night,morning,1.6,3.8499999999999996,2.2499999999999996,32.5,45.0,31.5,36.0,26.0,29.5,-0.30000000000000004,-2.1500000000000004,,
"station, PM10, NO2, O3, TEMP -> WSPM","station, PM10, NO2, O3, TEMP",WSPM,748,768,2014-12-09,2014-12-30,Changping,Changping,2014-12,2014-12,afternoon,afternoon,3.9499999999999997,1.7000000000000002,2.2499999999999996,72.5,74.0,20.0,30.0,52.5,46.5,2.75,4.0,,
"station, PM10, NO2, O3, TEMP -> WSPM","station, PM10, NO2, O3, TEMP",WSPM,31,740,2013-03-19,2014-12-02,Changping,Changping,2013-03,2014-12,night,afternoon,1.5,3.7,2.2,63.0,51.0,35.0,25.0,38.0,45.0,0.7,2.2,,
"station, PM10, NO2, O3, TEMP -> WSPM","station, PM10, NO2, O3, TEMP",WSPM,350,1155,2013-12-24,2015-12-01,Changping,Changping,2013-12,2015-12,morning,night,3.8499999999999996,1.7,2.1499999999999995,45.0,36.0,36.0,45.0,29.5,24.0,-2.1500000000000004,-0.2,,
"station, PM10, NO2, O3, TEMP -> WSPM","station, PM10, NO2, O3, TEMP",WSPM,1192,1266,2016-01-05,2016-03-08,Changping,Changping,2016-01,2016-03,afternoon,morning,4.0,1.9,2.1,38.5,32.0,40.5,40.0,45.5,47.5,0.8500000000000001,0.8500000000000001,,
"station, PM10, NO2, O3, TEMP -> WSPM","station, PM10, NO2, O3, TEMP",WSPM,660,1088,2014-09-23,2015-10-06,Changping,Changping,2014-09,2015-10,afternoon,afternoon,1.75,3.85,2.1,32.0,20.5,29.0,20.5,54.0,63.0,21.1,21.75,,
"station, PM10, NO2, O3, TEMP -> WSPM","station, PM10, NO2, O3, TEMP",WSPM,810,1192,2015-02-03,2016-01-05,Changping,Changping,2015-02,2016-01,morning,afternoon,1.9,4.0,2.1,29.0,38.5,33.0,40.5,44.0,45.5,0.0,0.8500000000000001,,
"station, PM10, NO2, O3, TEMP -> WSPM","station, PM10, NO2, O3, TEMP",WSPM,492,897,2014-04-29,2015-04-21,Changping,Changping,2014-04,2015-04,afternoon,evening,3.7,1.65,2.0500000000000003,123.0,108.5,29.0,29.5,98.0,96.5,22.45,21.6,,
"station, PM10, NO2, O3, TEMP -> WSPM","station, PM10, NO2, O3, TEMP",WSPM,428,1240,2014-03-04,2016-02-16,Changping,Changping,2014-03,2016-02,afternoon,afternoon,2.7,4.75,2.05,50.0,39.0,31.0,37.0,59.0,64.0,8.3,6.8,,
"station, PM10, NO2, O3, TEMP -> WSPM","station, PM10, NO2, O3, TEMP",WSPM,55,318,2013-04-09,2013-11-26,Changping,Changping,2013-04,2013-11,night,morning,1.2,3.25,2.05,39.5,32.5,33.0,23.0,41.705799999999996,34.5,5.55,4.1,,
"station, PM10, NO2, O3, TEMP -> WSPM","station, PM10, NO2, O3, TEMP",WSPM,350,1651,2013-12-24,2017-02-07,Changping,Changping,2013-12,2017-02,morning,night,3.8499999999999996,1.8,2.05,45.0,43.0,36.0,28.0,29.5,29.0,-2.1500000000000004,-2.2,,
"station, PM10, NO2, O3, TEMP -> WSPM","station, PM10, NO2, O3, TEMP",WSPM,350,1619,2013-12-24,2017-01-10,Changping,Changping,2013-12,2017-01,morning,night,3.8499999999999996,1.8,2.05,45.0,31.0,36.0,30.0,29.5,38.0,-2.1500000000000004,-2.86666666666667,,
"station, PM10, NO2, O3, TEMP -> WSPM","station, PM10, NO2, O3, TEMP",WSPM,1192,1249,2016-01-05,2016-02-23,Changping,Changping,2016-01,2016-02,afternoon,evening,4.0,1.95,2.05,38.5,38.0,40.5,37.0,45.5,52.0,0.8500000000000001,1.7,,
"station, PM10, NO2, O3, TEMP -> WSPM","station, PM10, NO2, O3, TEMP",WSPM,756,1267,2014-12-16,2016-03-08,Changping,Changping,2014-12,2016-03,afternoon,night,3.95,1.95,2.0,46.0,38.5,21.0,23.0,43.0,44.5,1.35,-0.6499999999999999,,
"station, PM10, NO2, O3, TEMP -> WSPM","station, PM10, NO2, O3, TEMP",WSPM,350,1193,2013-12-24,2016-01-05,Changping,Changping,2013-12,2016-01,morning,evening,3.8499999999999996,1.85,1.9999999999999996,45.0,37.5,36.0,39.0,29.5,37.5,-2.1500000000000004,-2.4,,
"station, PM10, NO2, O3, TEMP -> WSPM","station, PM10, NO2, O3, TEMP",WSPM,756,800,2014-12-16,2015-01-27,Changping,Changping,2014-12,2015-01,afternoon,afternoon,3.95,2.0,1.9500000000000002,46.0,31.0,21.0,20.0,43.0,46.0,1.35,2.0,,
"station, PM10, NO2, O3, TEMP -> WSPM","station, PM10, NO2, O3, TEMP",WSPM,549,1336,2014-06-17,2016-05-10,Changping,Changping,2014-06,2016-05,evening,afternoon,1.25,3.2,1.9500000000000002,45.5,32.0,32.0,22.0,99.0,91.0,22.4,23.55,,
"station, PM10, NO2, O3, TEMP -> WSPM","station, PM10, NO2, O3, TEMP",WSPM,888,939,2015-04-14,2015-05-26,Changping,Changping,2015-04,2015-05,afternoon,night,3.1,1.2,1.9000000000000001,118.0,114.5,29.0,27.0,98.0,99.0,22.0,22.5,,
"station, PM10, NO2, O3, TEMP -> WSPM","station, PM10, NO2, O3, TEMP",WSPM,5,1616,2013-02-26,2017-01-10,Changping,Changping,2013-02,2017-01,evening,afternoon,0.8,2.7,1.9000000000000001,55.0,58.5,44.5,38.0,49.5,44.0,3.35,2.0125,,
"station, PM10, NO2, O3, TEMP -> WSPM","station, PM10, NO2, O3, TEMP",WSPM,205,920,2013-08-20,2015-05-12,Changping,Changping,2013-08,2015-05,evening,afternoon,0.9,2.8,1.9,88.0,76.0,28.5,19.0,104.0,106.0,25.1,26.3,,
"station, PM10, NO2, O3, TEMP -> WSPM","station, PM10, NO2, O3, TEMP",WSPM,925,965,2015-05-19,2015-06-23,Aotizhongxin,Aotizhongxin,2015-05,2015-06,evening,evening,3.55,1.65,1.9,126.0,122.0,37.5,43.0,146.5,143.0,25.799999999999997,26.200000000000003,,
"station, PM10, NO2, O3, TEMP -> WSPM","station, PM10, NO2, O3, TEMP",WSPM,740,1241,2014-12-02,2016-02-16,Changping,Changping,2014-12,2016-02,afternoon,evening,3.7,1.85,1.85,51.0,42.5,25.0,29.0,45.0,55.0,2.2,2.6500000000000004,,
"station, PM10, NO2, O3, TEMP -> WSPM","station, PM10, NO2, O3, TEMP",WSPM,809,1242,2015-02-03,2016-02-16,Changping,Changping,2015-02,2016-02,evening,morning,1.75,3.6,1.85,52.0,55.0,47.5,57.0,36.5,43.0,1.0,0.9,,
"station, PM10, NO2, O3, TEMP -> WSPM","station, PM10, NO2, O3, TEMP",WSPM,1288,1329,2016-03-29,2016-05-03,Changping,Changping,2016-03,2016-05,afternoon,evening,4.05,2.2,1.8499999999999996,62.0,60.5,30.5,27.0,74.0,81.0,19.5,21.5,,
"station, PM10, NO2, O3, TEMP -> WSPM","station, PM10, NO2, O3, TEMP",WSPM,893,935,2015-04-21,2015-05-26,Aotizhongxin,Aotizhongxin,2015-04,2015-05,evening,night,3.3499999999999996,1.5,1.8499999999999996,158.0,145.0,42.0,46.0,104.5,112.0,22.55,23.8,,
"station, PM10, NO2, O3, TEMP -> WSPM","station, PM10, NO2, O3, TEMP",WSPM,922,1288,2015-05-12,2016-03-29,Changping,Changping,2015-05,2016-03,morning,afternoon,2.25,4.05,1.7999999999999998,63.0,62.0,28.5,30.5,67.5,74.0,20.45,19.5,,
"station, PM10, NO2, O3, TEMP -> WSPM","station, PM10, NO2, O3, TEMP",WSPM,1300,1367,2016-04-12,2016-06-07,Aotizhongxin,Aotizhongxin,2016-04,2016-06,afternoon,night,3.1500000000000004,1.4,1.7500000000000004,82.5,71.0,13.0,19.0,103.0,103.0,19.15,20.7,,
"station, PM10, NO2, O3, TEMP -> WSPM","station, PM10, NO2, O3, TEMP",WSPM,92,969,2013-05-14,2015-06-23,Changping,Changping,2013-05,2015-06,afternoon,evening,3.05,1.3,1.7499999999999998,130.0,135.5,23.0,27.0,118.0,125.5,25.9,25.45,,
"station, PM10, NO2, O3, TEMP -> WSPM","station, PM10, NO2, O3, TEMP",WSPM,350,742,2013-12-24,2014-12-02,Changping,Changping,2013-12,2014-12,morning,morning,3.8499999999999996,2.1,1.7499999999999996,45.0,39.0,36.0,36.0,29.5,30.0,-2.1500000000000004,-3.7,,
"station, PM10, NO2, O3, TEMP -> WSPM","station, PM10, NO2, O3, TEMP",WSPM,332,756,2013-12-10,2014-12-16,Changping,Changping,2013-12,2014-12,afternoon,afternoon,2.25,3.95,1.7000000000000002,45.5,46.0,19.0,21.0,44.5,43.0,3.2,1.35,,
"station, PM10, NO2, O3, TEMP -> WSPM","station, PM10, NO2, O3, TEMP",WSPM,1284,1367,2016-03-29,2016-06-07,Aotizhongxin,Aotizhongxin,2016-03,2016-06,afternoon,night,3.1,1.4,1.7000000000000002,68.5,71.0,14.5,19.0,101.0,103.0,19.85,20.7,,
"station, PM10, NO2, O3, TEMP -> WSPM","station, PM10, NO2, O3, TEMP",WSPM,911,1108,2015-05-05,2015-10-27,Aotizhongxin,Aotizhongxin,2015-05,2015-10,night,afternoon,1.2999999999999998,3.0,1.7000000000000002,53.0,44.5,45.5,39.5,50.5,60.5,13.6,14.649999999999999,,
"station, PM10, NO2, O3, TEMP -> WSPM","station, PM10, NO2, O3, TEMP",WSPM,533,1336,2014-06-03,2016-05-10,Changping,Changping,2014-06,2016-05,evening,afternoon,1.5,3.2,1.7000000000000002,40.0,32.0,28.5,22.0,100.5,91.0,24.4,23.55,,
"station, PM10, NO2, O3, TEMP -> WSPM","station, PM10, NO2, O3, TEMP",WSPM,516,1433,2014-05-20,2016-08-02,Changping,Changping,2014-05,2016-08,afternoon,evening,3.4,1.7,1.7,68.0,54.5,16.0,23.0,128.5,130.5,31.55,30.05,,
"station, PM10, NO2, O3, TEMP -> WSPM","station, PM10, NO2, O3, TEMP",WSPM,1073,1089,2015-09-22,2015-10-06,Changping,Changping,2015-09,2015-10,evening,evening,1.05,2.75,1.7,41.5,31.5,42.0,38.0,40.5,30.5,17.95,16.45,,
"station, PM10, NO2, O3, TEMP -> WSPM","station, PM10, NO2, O3, TEMP",WSPM,456,496,2014-04-01,2014-05-06,Aotizhongxin,Aotizhongxin,2014-04,2014-05,afternoon,afternoon,3.4,1.7,1.7,93.5,100.0,31.0,30.5,100.5,100.0,22.75,20.75,,
"station, PM10, NO2, O3, TEMP -> WSPM","station, PM10, NO2, O3, TEMP",WSPM,292,503,2013-11-05,2014-05-06,Changping,Changping,2013-11,2014-05,afternoon,night,2.8,1.1,1.6999999999999997,62.0,67.0,34.5,38.0,36.414,40.0,13.45,12.3,,
"station, PM10, NO2, O3, TEMP -> WSPM","station, PM10, NO2, O3, TEMP",WSPM,717,1560,2014-11-11,2016-11-22,Changping,Changping,2014-11,2016-11,evening,afternoon,1.3,2.95,1.6500000000000001,67.5,81.0,47.5,54.5,19.0,27.0,5.65,4.1,,
"station, PM10, NO2, O3, TEMP -> WSPM","station, PM10, NO2, O3, TEMP",WSPM,663,1089,2014-09-23,2015-10-06,Changping,Changping,2014-09,2015-10,night,evening,1.1,2.75,1.65,43.0,31.5,28.0,38.0,29.5,30.5,16.2,16.45,,
"station, PM10, NO2, O3, TEMP -> WSPM","station, PM10, NO2, O3, TEMP",WSPM,156,944,2013-07-09,2015-06-02,Changping,Changping,2013-07,2015-06,afternoon,afternoon,1.4,3.05,1.65,45.0,40.0,16.0,9.0,87.5,89.0,28.45,29.6,,
"station, PM10, NO2, O3, TEMP -> WSPM","station, PM10, NO2, O3, TEMP",WSPM,1075,1089,2015-09-22,2015-10-06,Changping,Changping,2015-09,2015-10,night,evening,1.1,2.75,1.65,36.5,31.5,39.0,38.0,31.0,30.5,16.1,16.45,,
"station, PM10, NO2, O3, TEMP -> WSPM","station, PM10, NO2, O3, TEMP",WSPM,504,593,2014-05-13,2014-07-29,Aotizhongxin,Aotizhongxin,2014-05,2014-07,afternoon,evening,2.4,0.75,1.65,136.0,126.5,33.0,39.5,122.5,126.5,27.8,27.6,,
"station, PM10, NO2, O3, TEMP -> WSPM","station, PM10, NO2, O3, TEMP",WSPM,207,1329,2013-08-20,2016-05-03,Changping,Changping,2013-08,2016-05,night,evening,0.6,2.2,1.6,52.0,60.5,22.0,27.0,72.5,81.0,22.8,21.5,,
"station, PM10, NO2, O3, TEMP -> WSPM","station, PM10, NO2, O3, TEMP",WSPM,755,1191,2014-12-16,2016-01-05,Aotizhongxin,Aotizhongxin,2014-12,2016-01,night,night,3.6,2.0,1.6,23.0,31.0,21.0,31.0,39.5,43.0,-3.6500000000000004,-5.4,,
"station, PM10, NO2, O3, TEMP -> WSPM","station, PM10, NO2, O3, TEMP",WSPM,1328,1409,2016-05-03,2016-07-12,Changping,Changping,2016-05,2016-07,afternoon,evening,2.9,1.3,1.5999999999999999,48.0,45.0,20.5,23.5,85.0,94.5,25.2,25.9,,
"station, PM10, NO2, O3, TEMP -> WSPM","station, PM10, NO2, O3, TEMP",WSPM,559,1328,2014-06-24,2016-05-03,Changping,Changping,2014-06,2016-05,night,afternoon,1.3,2.9,1.5999999999999999,39.0,48.0,29.0,20.5,80.0,85.0,23.5,25.2,,
"station, PM10, NO2, O3, TEMP -> WSPM","station, PM10, NO2, O3, TEMP",WSPM,1328,1377,2016-05-03,2016-06-14,Changping,Changping,2016-05,2016-06,afternoon,evening,2.9,1.3,1.5999999999999999,48.0,46.0,20.5,25.0,85.0,83.5,25.2,26.5,,
"station, PM10, NO2, O3, TEMP -> WSPM","station, PM10, NO2, O3, TEMP",WSPM,189,920,2013-08-06,2015-05-12,Changping,Changping,2013-08,2015-05,evening,afternoon,1.2,2.8,1.5999999999999999,67.0,76.0,17.0,19.0,113.5,106.0,28.1,26.3,,
"station, PM10, NO2, O3, TEMP -> WSPM","station, PM10, NO2, O3, TEMP",WSPM,55,718,2013-04-09,2014-11-11,Changping,Changping,2013-04,2014-11,night,morning,1.2,2.8,1.5999999999999999,39.5,49.5,33.0,28.0,41.705799999999996,36.0,5.55,5.85,,
"station, PM10, NO2, O3, TEMP -> WSPM","station, PM10, NO2, O3, TEMP",WSPM,758,1635,2014-12-16,2017-01-24,Changping,Changping,2014-12,2017-01,morning,night,3.1,1.55,1.55,40.0,52.5,31.0,37.0,28.0,27.5,-3.3,-4.25,,
"station, PM10, NO2, O3, TEMP -> WSPM","station, PM10, NO2, O3, TEMP",WSPM,1059,1089,2015-09-08,2015-10-06,Changping,Changping,2015-09,2015-10,night,evening,1.2,2.75,1.55,24.5,31.5,34.5,38.0,37.0,30.5,17.1,16.45,,
"station, PM10, NO2, O3, TEMP -> WSPM","station, PM10, NO2, O3, TEMP",WSPM,758,1251,2014-12-16,2016-02-23,Changping,Changping,2014-12,2016-02,morning,night,3.1,1.55,1.55,40.0,29.5,31.0,34.5,28.0,34.5,-3.3,-2.8,,
"station, PM10, NO2, O3, TEMP -> WSPM","station, PM10, NO2, O3, TEMP",WSPM,1352,1408,2016-05-24,2016-07-12,Changping,Changping,2016-05,2016-07,afternoon,afternoon,3.25,1.7,1.55,30.0,31.0,20.0,21.0,112.0,111.0,29.1,28.3,,
"station, PM10, NO2, O3, TEMP -> WSPM","station, PM10, NO2, O3, TEMP",WSPM,914,1112,2015-05-05,2015-10-27,Changping,Changping,2015-05,2015-10,morning,afternoon,1.6,3.15,1.5499999999999998,46.5,44.0,32.0,27.0,46.0,48.5,13.899999999999999,15.4,,
"station, PM10, NO2, O3, TEMP -> WSPM","station, PM10, NO2, O3, TEMP",WSPM,938,1312,2015-05-26,2016-04-19,Changping,Changping,2015-05,2016-04,morning,afternoon,1.2000000000000002,2.75,1.5499999999999998,114.0,108.0,35.5,37.5,76.5,85.5,24.450000000000003,24.1,,
"station, PM10, NO2, O3, TEMP -> WSPM","station, PM10, NO2, O3, TEMP",WSPM,896,929,2015-04-21,2015-05-19,Changping,Changping,2015-04,2015-05,afternoon,evening,3.3,1.75,1.5499999999999998,130.0,131.0,22.0,27.0,138.0,130.5,26.6,26.1,,
"station, PM10, NO2, O3, TEMP -> WSPM","station, PM10, NO2, O3, TEMP",WSPM,922,1304,2015-05-12,2016-04-12,Changping,Changping,2015-05,2016-04,morning,afternoon,2.25,3.8,1.5499999999999998,63.0,61.5,28.5,24.0,67.5,75.0,20.45,19.0,,
"station, PM10, NO2, O3, TEMP -> WSPM","station, PM10, NO2, O3, TEMP",WSPM,350,1618,2013-12-24,2017-01-10,Changping,Changping,2013-12,2017-01,morning,morning,3.8499999999999996,2.3,1.5499999999999998,45.0,41.0,36.0,41.0,29.5,29.0,-2.1500000000000004,-3.4,,
"station, PM10, NO2, O3, TEMP -> WSPM","station, PM10, NO2, O3, TEMP",WSPM,850,1560,2015-03-10,2016-11-22,Changping,Changping,2015-03,2016-11,morning,afternoon,1.45,2.95,1.5000000000000002,93.5,81.0,64.5,54.5,18.0,27.0,4.4,4.1,,
"station, PM10, NO2, O3, TEMP -> WSPM","station, PM10, NO2, O3, TEMP",WSPM,875,1664,2015-03-31,2017-02-21,Changping,Changping,2015-03,2017-02,night,afternoon,1.6,3.1,1.5,43.5,30.5,35.0,34.0,53.0,56.0,9.649999999999999,10.95,,
"station, PM10, NO2, O3, TEMP -> WSPM","station, PM10, NO2, O3, TEMP",WSPM,364,1243,2014-01-07,2016-02-16,Changping,Changping,2014-01,2016-02,afternoon,night,2.9,1.4,1.5,31.0,43.5,29.0,32.5,46.5,44.0,2.3499999999999996,1.1,,
"station, PM10, NO2, O3, TEMP -> WSPM","station, PM10, NO2, O3, TEMP",WSPM,668,1112,2014-09-30,2015-10-27,Changping,Changping,2014-09,2015-10,afternoon,afternoon,1.65,3.15,1.5,48.0,44.0,24.0,27.0,48.0,48.5,16.450000000000003,15.4,,
"station, PM10, NO2, O3, TEMP -> WSPM","station, PM10, NO2, O3, TEMP",WSPM,108,557,2013-05-28,2014-06-24,Changping,Changping,2013-05,2014-06,afternoon,evening,2.6,1.1,1.5,68.0,83.0,26.0,34.5,128.0,121.5,29.9,27.9,,
"station, PM10, NO2, O3, TEMP -> WSPM","station, PM10, NO2, O3, TEMP",WSPM,101,1312,2013-05-21,2016-04-19,Changping,Changping,2013-05,2016-04,evening,afternoon,1.25,2.75,1.5,108.0,108.0,40.5,37.5,85.5,85.5,23.0,24.1,,
"station, PM10, NO2, O3, TEMP -> WSPM","station, PM10, NO2, O3, TEMP",WSPM,452,492,2014-03-25,2014-04-29,Changping,Changping,2014-03,2014-04,afternoon,afternoon,2.2,3.7,1.5,133.5,123.0,39.0,29.0,101.0,98.0,21.8,22.45,,
"station, PM10, NO2, O3, TEMP -> WSPM","station, PM10, NO2, O3, TEMP",WSPM,207,946,2013-08-20,2015-06-02,Changping,Changping,2013-08,2015-06,night,morning,0.6,2.1,1.5,52.0,49.5,22.0,19.0,72.5,65.0,22.8,24.55,,
"station, PM10, NO2, O3, TEMP -> WSPM","station, PM10, NO2, O3, TEMP",WSPM,292,1099,2013-11-05,2015-10-13,Changping,Changping,2013-11,2015-10,afternoon,night,2.8,1.3,1.4999999999999998,62.0,65.0,34.5,40.0,36.414,39.5,13.45,12.9,,
"station, PM10, NO2, O3, TEMP -> WSPM","station, PM10, NO2, O3, TEMP",WSPM,758,1195,2014-12-16,2016-01-05,Changping,Changping,2014-12,2016-01,morning,night,3.1,1.65,1.4500000000000002,40.0,26.0,31.0,32.0,28.0,34.5,-3.3,-5.25,,
"station, PM10, NO2, O3, TEMP -> WSPM","station, PM10, NO2, O3, TEMP",WSPM,888,897,2015-04-14,2015-04-21,Changping,Changping,2015-04,2015-04,afternoon,evening,3.1,1.65,1.4500000000000002,118.0,108.5,29.0,29.5,98.0,96.5,22.0,21.6,,
"station, PM10, NO2, O3, TEMP -> WSPM","station, PM10, NO2, O3, TEMP",WSPM,332,740,2013-12-10,2014-12-02,Changping,Changping,2013-12,2014-12,afternoon,afternoon,2.25,3.7,1.4500000000000002,45.5,51.0,19.0,25.0,44.5,45.0,3.2,2.2,,
"station, PM10, NO2, O3, TEMP -> WSPM","station, PM10, NO2, O3, TEMP",WSPM,135,1329,2013-06-18,2016-05-03,Changping,Changping,2013-06,2016-05,night,evening,0.75,2.2,1.4500000000000002,53.5,60.5,22.7915,27.0,72.0,81.0,23.25,21.5,,
"station, PM10, NO2, O3, TEMP -> WSPM","station, PM10, NO2, O3, TEMP",WSPM,1192,1216,2016-01-05,2016-01-26,Changping,Changping,2016-01,2016-01,afternoon,afternoon,4.0,2.55,1.4500000000000002,38.5,46.5,40.5,50.5,45.5,48.5,0.8500000000000001,0.65,,
"station, PM10, NO2, O3, TEMP -> WSPM","station, PM10, NO2, O3, TEMP",WSPM,398,758,2014-02-04,2014-12-16,Changping,Changping,2014-02,2014-12,morning,morning,1.65,3.1,1.4500000000000002,42.0,40.0,34.5,31.0,28.5,28.0,-4.2,-3.3,,
"station, PM10, NO2, O3, TEMP -> WSPM","station, PM10, NO2, O3, TEMP",WSPM,1009,1328,2015-07-28,2016-05-03,Changping,Changping,2015-07,2016-05,evening,afternoon,1.45,2.9,1.45,51.5,48.0,20.0,20.5,92.0,85.0,26.2,25.2,,
"station, PM10, NO2, O3, TEMP -> WSPM","station, PM10, NO2, O3, TEMP",WSPM,292,1331,2013-11-05,2016-05-03,Changping,Changping,2013-11,2016-05,afternoon,night,2.8,1.35,1.4499999999999997,62.0,62.0,34.5,25.5,36.414,34.0,13.45,14.85,,
"station, PM10, NO2, O3, TEMP -> WSPM","station, PM10, NO2, O3, TEMP",WSPM,912,931,2015-05-05,2015-05-19,Changping,Changping,2015-05,2015-05,afternoon,night,2.8499999999999996,1.4,1.4499999999999997,44.0,59.0,16.0,22.0,87.5,77.5,20.7,19.5,,
"station, PM10, NO2, O3, TEMP -> WSPM","station, PM10, NO2, O3, TEMP",WSPM,1236,1260,2016-02-16,2016-03-08,Aotizhongxin,Aotizhongxin,2016-02,2016-03,afternoon,afternoon,4.4,3.0,1.4000000000000004,35.0,46.0,8.0,9.0,84.0,86.0,6.4,7.55,,
"station, PM10, NO2, O3, TEMP -> WSPM","station, PM10, NO2, O3, TEMP",WSPM,37,1656,2013-03-26,2017-02-14,Changping,Changping,2013-03,2017-02,evening,afternoon,1.75,3.1500000000000004,1.4000000000000004,108.5,108.0,44.5,37.5,53.5,57.0,6.75,6.85,,
"station, PM10, NO2, O3, TEMP -> WSPM","station, PM10, NO2, O3, TEMP",WSPM,489,1285,2014-04-29,2016-03-29,Aotizhongxin,Aotizhongxin,2014-04,2016-03,evening,evening,1.8,3.2,1.4000000000000001,117.0,124.0,33.0,26.0,79.0,85.0,15.4,17.15,,
"station, PM10, NO2, O3, TEMP -> WSPM","station, PM10, NO2, O3, TEMP",WSPM,1220,1236,2016-02-02,2016-02-16,Aotizhongxin,Aotizhongxin,2016-02,2016-02,afternoon,afternoon,3.05,4.4,1.3500000000000005,28.0,35.0,10.0,8.0,81.0,84.0,5.0,6.4,,
"station, PM10, NO2, O3, TEMP -> WSPM","station, PM10, NO2, O3, TEMP",WSPM,356,1656,2013-12-31,2017-02-14,Changping,Changping,2013-12,2017-02,afternoon,afternoon,1.8,3.1500000000000004,1.3500000000000003,121.0,108.0,28.0,37.5,52.0,57.0,6.7,6.85,,
"station, PM10, NO2, O3, TEMP -> WSPM","station, PM10, NO2, O3, TEMP",WSPM,135,946,2013-06-18,2015-06-02,Changping,Changping,2013-06,2015-06,night,morning,0.75,2.1,1.35,53.5,49.5,22.7915,19.0,72.0,65.0,23.25,24.55,,
"station, PM10, NO2, O3, TEMP -> WSPM","station, PM10, NO2, O3, TEMP",WSPM,440,497,2014-03-18,2014-05-06,Aotizhongxin,Aotizhongxin,2014-03,2014-05,afternoon,evening,2.75,1.4,1.35,111.5,121.5,41.5,51.0,87.0,83.5,18.700000000000003,17.799999999999997,,
"station, PM10, NO2, O3, TEMP -> WSPM","station, PM10, NO2, O3, TEMP",WSPM,1282,1664,2016-03-22,2017-02-21,Changping,Changping,2016-03,2017-02,morning,afternoon,1.75,3.1,1.35,27.0,30.5,32.0,34.0,53.0,56.0,10.35,10.95,,
"station, PM10, NO2, O3, TEMP -> WSPM","station, PM10, NO2, O3, TEMP",WSPM,44,61,2013-04-02,2013-04-16,Changping,Changping,2013-04,2013-04,afternoon,evening,2.6,1.25,1.35,109.5,99.0,35.5,39.0,86.5,79.5,12.6,12.2,,
"station, PM10, NO2, O3, TEMP -> WSPM","station, PM10, NO2, O3, TEMP",WSPM,1216,1641,2016-01-26,2017-01-31,Changping,Changping,2016-01,2017-01,afternoon,evening,2.55,1.2,1.3499999999999999,46.5,42.0,50.5,42.5,48.5,45.5,0.65,1.4500000000000002,,
"station, PM10, NO2, O3, TEMP -> WSPM","station, PM10, NO2, O3, TEMP",WSPM,977,1328,2015-06-30,2016-05-03,Changping,Changping,2015-06,2016-05,evening,afternoon,1.55,2.9,1.3499999999999999,52.5,48.0,27.0,20.5,81.5,85.0,25.85,25.2,,
"station, PM10, NO2, O3, TEMP -> WSPM","station, PM10, NO2, O3, TEMP",WSPM,1243,1616,2016-02-16,2017-01-10,Changping,Changping,2016-02,2017-01,night,afternoon,1.4,2.7,1.3000000000000003,43.5,58.5,32.5,38.0,44.0,44.0,1.1,2.0125,,
"station, PM10, NO2, O3, TEMP -> WSPM","station, PM10, NO2, O3, TEMP",WSPM,479,1298,2014-04-15,2016-04-05,Changping,Changping,2014-04,2016-04,night,morning,0.9,2.2,1.3000000000000003,105.5,119.0,59.0,61.0,31.5,33.0,13.4,13.75,,
"station, PM10, NO2, O3, TEMP -> WSPM","station, PM10, NO2, O3, TEMP",WSPM,1226,1243,2016-02-02,2016-02-16,Changping,Changping,2016-02,2016-02,morning,night,2.7,1.4,1.3000000000000003,36.5,43.5,37.0,32.5,53.0,44.0,-0.9,1.1,,
"station, PM10, NO2, O3, TEMP -> WSPM","station, PM10, NO2, O3, TEMP",WSPM,151,1056,2013-07-02,2015-09-08,Changping,Changping,2013-07,2015-09,night,afternoon,0.9,2.2,1.3000000000000003,26.0,18.0,20.0,25.0,58.0,68.0,23.7,24.9,,
"station, PM10, NO2, O3, TEMP -> WSPM","station, PM10, NO2, O3, TEMP",WSPM,758,1651,2014-12-16,2017-02-07,Changping,Changping,2014-12,2017-02,morning,night,3.1,1.8,1.3,40.0,43.0,31.0,28.0,28.0,29.0,-3.3,-2.2,,
"station, PM10, NO2, O3, TEMP -> WSPM","station, PM10, NO2, O3, TEMP",WSPM,52,69,2013-04-09,2013-04-23,Changping,Changping,2013-04,2013-04,afternoon,evening,3.1,1.8,1.3,66.0,74.5,14.0,23.0,94.51689999999999,90.0,16.6,18.450000000000003,,
"station, PM10, NO2, O3, TEMP -> WSPM","station, PM10, NO2, O3, TEMP",WSPM,758,1626,2014-12-16,2017-01-17,Changping,Changping,2014-12,2017-01,morning,morning,3.1,1.8,1.3,40.0,38.0,31.0,34.0,28.0,37.0,-3.3,-4.2875,,
"station, PM10, NO2, O3, TEMP -> WSPM","station, PM10, NO2, O3, TEMP",WSPM,758,1619,2014-12-16,2017-01-10,Changping,Changping,2014-12,2017-01,morning,night,3.1,1.8,1.3,40.0,31.0,31.0,30.0,28.0,38.0,-3.3,-2.86666666666667,,
"station, PM10, NO2, O3, TEMP -> WSPM","station, PM10, NO2, O3, TEMP",WSPM,53,848,2013-04-09,2015-03-10,Changping,Changping,2013-04,2015-03,evening,afternoon,1.45,2.75,1.3,55.5,59.0,28.5,27.5,85.7329,77.5,11.95,12.05,,
"station, PM10, NO2, O3, TEMP -> WSPM","station, PM10, NO2, O3, TEMP",WSPM,508,581,2014-05-13,2014-07-15,Changping,Changping,2014-05,2014-07,afternoon,evening,2.75,1.45,1.3,104.5,102.0,22.0,28.0,132.0,133.5,28.2,29.35,,
"station, PM10, NO2, O3, TEMP -> WSPM","station, PM10, NO2, O3, TEMP",WSPM,587,1478,2014-07-22,2016-09-13,Aotizhongxin,Aotizhongxin,2014-07,2016-09,night,morning,0.0,1.3,1.3,83.5,75.0,50.0,49.0,22.5,24.0,23.4,21.4,,
"station, PM10, NO2, O3, TEMP -> WSPM","station, PM10, NO2, O3, TEMP",WSPM,433,483,2014-03-11,2014-04-22,Aotizhongxin,Aotizhongxin,2014-03,2014-04,evening,night,2.25,0.95,1.3,151.0,155.5,54.5,61.0,48.5,40.0,11.399999999999999,13.1,,
"station, PM10, NO2, O3, TEMP -> WSPM","station, PM10, NO2, O3, TEMP",WSPM,1212,1239,2016-01-26,2016-02-16,Aotizhongxin,Aotizhongxin,2016-01,2016-02,afternoon,night,2.6,1.3,1.3,37.0,39.0,28.5,29.0,59.5,50.0,0.75,-0.9,,
"station, PM10, NO2, O3, TEMP -> WSPM","station, PM10, NO2, O3, TEMP",WSPM,264,547,2013-10-15,2014-06-17,Aotizhongxin,Aotizhongxin,2013-10,2014-06,afternoon,night,1.8,0.5,1.3,62.0,63.5,52.8943,50.5,44.0,35.0,17.35,19.1,,
"station, PM10, NO2, O3, TEMP -> WSPM","station, PM10, NO2, O3, TEMP",WSPM,299,330,2013-11-12,2013-12-10,Aotizhongxin,Aotizhongxin,2013-11,2013-12,night,morning,0.5,1.8,1.3,34.5,32.0,45.0,45.0,4.6053,8.1396,-0.5,0.2,,
"station, PM10, NO2, O3, TEMP -> WSPM","station, PM10, NO2, O3, TEMP",WSPM,1232,1248,2016-02-09,2016-02-23,Changping,Changping,2016-02,2016-02,afternoon,afternoon,2.1,3.4,1.2999999999999998,52.5,58.0,52.0,49.0,55.5,63.0,6.0,5.8,,
"station, PM10, NO2, O3, TEMP -> WSPM","station, PM10, NO2, O3, TEMP",WSPM,332,1648,2013-12-10,2017-02-07,Changping,Changping,2013-12,2017-02,afternoon,afternoon,2.25,3.55,1.2999999999999998,45.5,35.0,19.0,18.0,44.5,54.0,3.2,4.05,,
"station, PM10, NO2, O3, TEMP -> WSPM","station, PM10, NO2, O3, TEMP",WSPM,1192,1226,2016-01-05,2016-02-02,Changping,Changping,2016-01,2016-02,afternoon,morning,4.0,2.7,1.2999999999999998,38.5,36.5,40.5,37.0,45.5,53.0,0.8500000000000001,-0.9,,
"station, PM10, NO2, O3, TEMP -> WSPM","station, PM10, NO2, O3, TEMP",WSPM,84,557,2013-05-07,2014-06-24,Changping,Changping,2013-05,2014-06,afternoon,evening,2.4,1.1,1.2999999999999998,90.5,83.0,26.0,34.5,118.0,121.5,28.25,27.9,,
"station, PM10, NO2, O3, TEMP -> WSPM","station, PM10, NO2, O3, TEMP",WSPM,298,320,2013-11-12,2013-12-03,Aotizhongxin,Aotizhongxin,2013-11,2013-12,morning,afternoon,3.3,2.0,1.2999999999999998,36.0,49.0,23.0,25.0,39.627,36.0,9.0,9.0,,
"station, PM10, NO2, O3, TEMP -> WSPM","station, PM10, NO2, O3, TEMP",WSPM,397,1209,2014-02-04,2016-01-19,Changping,Changping,2014-02,2016-01,evening,evening,1.4,2.6500000000000004,1.2500000000000004,64.0,68.5,42.0,47.5,33.5,36.5,-3.75,-5.4,,
"station, PM10, NO2, O3, TEMP -> WSPM","station, PM10, NO2, O3, TEMP",WSPM,221,476,2013-09-03,2014-04-15,Changping,Changping,2013-09,2014-04,evening,afternoon,0.9,2.1500000000000004,1.2500000000000004,87.5,89.5,29.5,32.5,86.5,95.5,20.9,20.0,,
"station, PM10, NO2, O3, TEMP -> WSPM","station, PM10, NO2, O3, TEMP",WSPM,758,1193,2014-12-16,2016-01-05,Changping,Changping,2014-12,2016-01,morning,evening,3.1,1.85,1.25,40.0,37.5,31.0,39.0,28.0,37.5,-3.3,-2.4,,
"station, PM10, NO2, O3, TEMP -> WSPM","station, PM10, NO2, O3, TEMP",WSPM,73,884,2013-04-30,2015-04-14,Aotizhongxin,Aotizhongxin,2013-04,2015-04,evening,afternoon,1.5,2.75,1.25,122.0,113.0,45.0,44.0,105.0,108.0,20.2,21.1,,
"station, PM10, NO2, O3, TEMP -> WSPM","station, PM10, NO2, O3, TEMP",WSPM,232,587,2013-09-17,2014-07-22,Aotizhongxin,Aotizhongxin,2013-09,2014-07,afternoon,night,1.25,0.0,1.25,89.0,83.5,52.5,50.0,21.0,22.5,23.1,23.4,,
"station, PM10, NO2, O3, TEMP -> WSPM","station, PM10, NO2, O3, TEMP",WSPM,1227,1624,2016-02-02,2017-01-17,Changping,Changping,2016-02,2017-01,night,afternoon,1.5,2.75,1.25,22.0,36.5,29.0,20.5,52.0,43.5,-2.3,-0.575,,
"station, PM10, NO2, O3, TEMP -> WSPM","station, PM10, NO2, O3, TEMP",WSPM,442,697,2014-03-18,2014-10-28,Aotizhongxin,Aotizhongxin,2014-03,2014-10,morning,evening,1.45,0.2,1.25,148.0,138.5,87.5,97.0,4.5,2.5,12.3,11.3,,
"station, PM10, NO2, O3, TEMP -> WSPM","station, PM10, NO2, O3, TEMP",WSPM,545,1076,2014-06-17,2015-09-29,Aotizhongxin,Aotizhongxin,2014-06,2015-09,evening,afternoon,0.8500000000000001,2.1,1.25,53.5,65.0,45.5,42.0,90.0,96.0,22.3,23.5,,
"station, PM10, NO2, O3, TEMP -> WSPM","station, PM10, NO2, O3, TEMP",WSPM,104,1013,2013-05-28,2015-08-04,Aotizhongxin,Aotizhongxin,2013-05,2015-08,afternoon,evening,2.6,1.35,1.25,94.0,108.0,46.5,46.5,138.0,139.5,29.4,28.0,,
"station, PM10, NO2, O3, TEMP -> WSPM","station, PM10, NO2, O3, TEMP",WSPM,1643,1650,2017-01-31,2017-02-07,Changping,Changping,2017-01,2017-02,night,morning,1.3,2.55,1.2499999999999998,43.5,35.0,21.5,26.0,40.5,40.5,-2.75,-1.15,,
"station, PM10, NO2, O3, TEMP -> WSPM","station, PM10, NO2, O3, TEMP",WSPM,537,949,2014-06-10,2015-06-09,Aotizhongxin,Aotizhongxin,2014-06,2015-06,evening,evening,0.8,2.05,1.2499999999999998,56.0,69.5,49.5,44.0,117.0,121.5,24.2,25.9,,
"station, PM10, NO2, O3, TEMP -> WSPM","station, PM10, NO2, O3, TEMP",WSPM,157,946,2013-07-09,2015-06-02,Changping,Changping,2013-07,2015-06,evening,morning,0.9,2.1,1.2000000000000002,57.0,49.5,28.0,19.0,73.3779,65.0,24.25,24.55,,
"station, PM10, NO2, O3, TEMP -> WSPM","station, PM10, NO2, O3, TEMP",WSPM,191,946,2013-08-06,2015-06-02,Changping,Changping,2013-08,2015-06,night,morning,0.9,2.1,1.2000000000000002,55.5,49.5,14.5,19.0,55.5,65.0,24.65,24.55,,
"station, PM10, NO2, O3, TEMP -> WSPM","station, PM10, NO2, O3, TEMP",WSPM,1226,1227,2016-02-02,2016-02-02,Changping,Changping,2016-02,2016-02,morning,night,2.7,1.5,1.2000000000000002,36.5,22.0,37.0,29.0,53.0,52.0,-0.9,-2.3,,
"station, PM10, NO2, O3, TEMP -> WSPM","station, PM10, NO2, O3, TEMP",WSPM,637,904,2014-09-02,2015-04-28,Changping,Changping,2014-09,2015-04,evening,afternoon,1.4,2.6,1.2000000000000002,80.5,75.0,26.5,18.0,108.0,108.5,24.299999999999997,23.55,,
"station, PM10, NO2, O3, TEMP -> WSPM","station, PM10, NO2, O3, TEMP",WSPM,756,1624,2014-12-16,2017-01-17,Changping,Changping,2014-12,2017-01,afternoon,afternoon,3.95,2.75,1.2000000000000002,46.0,36.5,21.0,20.5,43.0,43.5,1.35,-0.575,,
"station, PM10, NO2, O3, TEMP -> WSPM","station, PM10, NO2, O3, TEMP",WSPM,428,883,2014-03-04,2015-04-07,Changping,Changping,2014-03,2015-04,afternoon,night,2.7,1.5,1.2000000000000002,50.0,52.0,31.0,28.0,59.0,55.0,8.3,6.8,,
"station, PM10, NO2, O3, TEMP -> WSPM","station, PM10, NO2, O3, TEMP",WSPM,32,441,2013-03-26,2014-03-18,Aotizhongxin,Aotizhongxin,2013-03,2014-03,afternoon,evening,2.7,1.5,1.2000000000000002,124.5,135.5,50.5,55.0,64.5,57.5,11.5,11.5,,
"station, PM10, NO2, O3, TEMP -> WSPM","station, PM10, NO2, O3, TEMP",WSPM,31,1616,2013-03-19,2017-01-10,Changping,Changping,2013-03,2017-01,night,afternoon,1.5,2.7,1.2000000000000002,63.0,58.5,35.0,38.0,38.0,44.0,0.7,2.0125,,
"station, PM10, NO2, O3, TEMP -> WSPM","station, PM10, NO2, O3, TEMP",WSPM,547,1326,2014-06-17,2016-05-03,Aotizhongxin,Aotizhongxin,2014-06,2016-05,night,morning,0.5,1.7,1.2,63.5,55.5,50.5,41.0,35.0,41.0,19.1,19.0,,
"station, PM10, NO2, O3, TEMP -> WSPM","station, PM10, NO2, O3, TEMP",WSPM,1047,1085,2015-09-01,2015-10-06,Aotizhongxin,Aotizhongxin,2015-09,2015-10,night,evening,1.2,2.4,1.2,19.0,30.0,25.0,24.0,55.0,56.0,18.8,17.85,,
"station, PM10, NO2, O3, TEMP -> WSPM","station, PM10, NO2, O3, TEMP",WSPM,1239,1262,2016-02-16,2016-03-08,Aotizhongxin,Aotizhongxin,2016-02,2016-03,night,morning,1.3,2.5,1.2,39.0,36.5,29.0,21.0,50.0,59.5,-0.9,0.6000000000000001,,
"station, PM10, NO2, O3, TEMP -> WSPM","station, PM10, NO2, O3, TEMP",WSPM,953,1328,2015-06-09,2016-05-03,Changping,Changping,2015-06,2016-05,evening,afternoon,1.7,2.9,1.2,56.5,48.0,24.0,20.5,86.0,85.0,23.35,25.2,,
"station, PM10, NO2, O3, TEMP -> WSPM","station, PM10, NO2, O3, TEMP",WSPM,1349,1365,2016-05-24,2016-06-07,Aotizhongxin,Aotizhongxin,2016-05,2016-06,evening,evening,2.9,1.7,1.2,69.5,60.0,22.0,21.0,137.5,138.0,26.1,26.0,,
"station, PM10, NO2, O3, TEMP -> WSPM","station, PM10, NO2, O3, TEMP",WSPM,292,1315,2013-11-05,2016-04-19,Changping,Changping,2013-11,2016-04,afternoon,night,2.8,1.6,1.1999999999999997,62.0,70.0,34.5,29.0,36.414,38.0,13.45,13.8,,
"station, PM10, NO2, O3, TEMP -> WSPM","station, PM10, NO2, O3, TEMP",WSPM,1067,1305,2015-09-15,2016-04-12,Changping,Changping,2015-09,2016-04,night,evening,1.1,2.3,1.1999999999999997,91.5,79.5,36.5,32.5,56.0,64.0,16.95,16.200000000000003,,
"station, PM10, NO2, O3, TEMP -> WSPM","station, PM10, NO2, O3, TEMP",WSPM,944,1416,2015-06-02,2016-07-19,Changping,Changping,2015-06,2016-07,afternoon,afternoon,3.05,1.85,1.1999999999999997,40.0,39.0,9.0,14.5,89.0,92.5,29.6,28.85,,
"station, PM10, NO2, O3, TEMP -> WSPM","station, PM10, NO2, O3, TEMP",WSPM,1209,1218,2016-01-19,2016-01-26,Changping,Changping,2016-01,2016-01,evening,morning,2.6500000000000004,1.5,1.1500000000000004,68.5,57.0,47.5,50.0,36.5,30.0,-5.4,-5.7,,
"station, PM10, NO2, O3, TEMP -> WSPM","station, PM10, NO2, O3, TEMP",WSPM,836,1236,2015-03-03,2016-02-16,Aotizhongxin,Aotizhongxin,2015-03,2016-02,afternoon,afternoon,3.25,4.4,1.1500000000000004,41.5,35.0,18.0,8.0,84.5,84.0,5.5,6.4,,
"station, PM10, NO2, O3, TEMP -> WSPM","station, PM10, NO2, O3, TEMP",WSPM,36,445,2013-03-26,2014-03-18,Changping,Changping,2013-03,2014-03,afternoon,evening,2.95,1.8,1.1500000000000001,117.5,114.5,40.0,33.5,71.5,77.0,11.8,13.25,,
"station, PM10, NO2, O3, TEMP -> WSPM","station, PM10, NO2, O3, TEMP",WSPM,487,1289,2014-04-22,2016-03-29,Changping,Changping,2014-04,2016-03,night,evening,1.05,2.2,1.1500000000000001,77.0,84.0,35.0,36.0,80.5,74.0,14.25,16.0,,
"station, PM10, NO2, O3, TEMP -> WSPM","station, PM10, NO2, O3, TEMP",WSPM,480,505,2014-04-22,2014-05-13,Aotizhongxin,Aotizhongxin,2014-04,2014-05,afternoon,evening,2.5,1.35,1.15,182.0,173.5,38.5,46.0,115.0,106.5,23.6,22.7,,
"station, PM10, NO2, O3, TEMP -> WSPM","station, PM10, NO2, O3, TEMP",WSPM,175,1458,2013-07-23,2016-08-23,Changping,Changping,2013-07,2016-08,night,morning,0.8,1.95,1.15,32.0,41.5,23.0,32.5,45.0,41.5,24.6,25.95,,
"station, PM10, NO2, O3, TEMP -> WSPM","station, PM10, NO2, O3, TEMP",WSPM,308,1528,2013-11-19,2016-10-25,Changping,Changping,2013-11,2016-10,afternoon,afternoon,1.6,2.75,1.15,60.0,48.0,36.0,28.5,32.4934,25.0,9.75,10.350000000000001,,
"station, PM10, NO2, O3, TEMP -> WSPM","station, PM10, NO2, O3, TEMP",WSPM,508,1025,2014-05-13,2015-08-11,Changping,Changping,2014-05,2015-08,afternoon,evening,2.75,1.6,1.15,104.5,100.0,22.0,25.5,132.0,142.0,28.2,29.85,,
"station, PM10, NO2, O3, TEMP -> WSPM","station, PM10, NO2, O3, TEMP",WSPM,1240,1264,2016-02-16,2016-03-08,Changping,Changping,2016-02,2016-03,afternoon,afternoon,4.75,3.6,1.15,39.0,41.0,37.0,41.0,64.0,61.0,6.8,7.6,,
"station, PM10, NO2, O3, TEMP -> WSPM","station, PM10, NO2, O3, TEMP",WSPM,71,446,2013-04-23,2014-03-18,Changping,Changping,2013-04,2014-03,night,morning,0.9,2.05,1.15,63.0,77.5,45.5,43.0,44.5,40.0,11.2,12.25,,
"station, PM10, NO2, O3, TEMP -> WSPM","station, PM10, NO2, O3, TEMP",WSPM,1000,1384,2015-07-21,2016-06-21,Changping,Changping,2015-07,2016-06,afternoon,afternoon,1.75,2.9,1.15,74.0,69.0,12.0,18.0,180.0,179.0,30.799999999999997,32.8,,
"station, PM10, NO2, O3, TEMP -> WSPM","station, PM10, NO2, O3, TEMP",WSPM,48,1301,2013-04-09,2016-04-12,Aotizhongxin,Aotizhongxin,2013-04,2016-04,afternoon,evening,3.75,2.6,1.15,79.0,79.5,15.0,22.5,82.5193,81.5,16.549999999999997,16.85,,
"station, PM10, NO2, O3, TEMP -> WSPM","station, PM10, NO2, O3, TEMP",WSPM,908,1333,2015-05-05,2016-05-10,Aotizhongxin,Aotizhongxin,2015-05,2016-05,afternoon,evening,2.8499999999999996,1.7,1.1499999999999997,65.0,62.5,35.5,30.0,103.5,97.0,20.95,21.5,,
"station, PM10, NO2, O3, TEMP -> WSPM","station, PM10, NO2, O3, TEMP",WSPM,62,891,2013-04-16,2015-04-14,Changping,Changping,2013-04,2015-04,morning,night,2.3499999999999996,1.2,1.1499999999999997,91.0,80.5,42.5,33.0,45.0,48.5,10.55,12.5,,
"station, PM10, NO2, O3, TEMP -> WSPM","station, PM10, NO2, O3, TEMP",WSPM,348,1616,2013-12-24,2017-01-10,Changping,Changping,2013-12,2017-01,afternoon,afternoon,3.8499999999999996,2.7,1.1499999999999995,63.0,58.5,29.0,38.0,50.0,44.0,1.25,2.0125,,
"station, PM10, NO2, O3, TEMP -> WSPM","station, PM10, NO2, O3, TEMP",WSPM,300,716,2013-11-12,2014-11-11,Changping,Changping,2013-11,2014-11,afternoon,afternoon,2.5,3.6,1.1,39.5,39.0,17.0,15.5,59.8689,56.0,10.2,10.9,,
"station, PM10, NO2, O3, TEMP -> WSPM","station, PM10, NO2, O3, TEMP",WSPM,289,312,2013-11-05,2013-11-26,Aotizhongxin,Aotizhongxin,2013-11,2013-11,evening,afternoon,3.0,1.9,1.1,66.0,55.5,16.0,20.0,40.4838,42.0,8.6,6.65,,
"station, PM10, NO2, O3, TEMP -> WSPM","station, PM10, NO2, O3, TEMP",WSPM,275,426,2013-10-22,2014-03-04,Aotizhongxin,Aotizhongxin,2013-10,2014-03,night,morning,0.6,1.7,1.1,54.0,65.0,67.0,66.0,1.0,8.0,4.7,3.05,,
"station, PM10, NO2, O3, TEMP -> WSPM","station, PM10, NO2, O3, TEMP",WSPM,245,1314,2013-09-24,2016-04-19,Changping,Changping,2013-09,2016-04,evening,morning,0.75,1.85,1.1,112.0,102.5,64.0,57.5,36.4567,38.0,16.95,16.25,,
"station, PM10, NO2, O3, TEMP -> WSPM","station, PM10, NO2, O3, TEMP",WSPM,1212,1247,2016-01-26,2016-02-23,Aotizhongxin,Aotizhongxin,2016-01,2016-02,afternoon,night,2.6,1.5,1.1,37.0,28.5,28.5,27.5,59.5,51.0,0.75,-0.2,,
"station, PM10, NO2, O3, TEMP -> WSPM","station, PM10, NO2, O3, TEMP",WSPM,231,1082,2013-09-10,2015-09-29,Changping,Changping,2013-09,2015-09,night,morning,0.6,1.7,1.1,38.0,44.5,31.0,33.5,20.0,21.0,17.4,15.649999999999999,,
"station, PM10, NO2, O3, TEMP -> WSPM","station, PM10, NO2, O3, TEMP",WSPM,80,624,2013-05-07,2014-08-26,Aotizhongxin,Aotizhongxin,2013-05,2014-08,afternoon,afternoon,2.2,1.1,1.1,114.0,102.0,38.5,42.0,102.0,98.0,28.25,26.3,,
"station, PM10, NO2, O3, TEMP -> WSPM","station, PM10, NO2, O3, TEMP",WSPM,185,632,2013-08-06,2014-09-02,Aotizhongxin,Aotizhongxin,2013-08,2014-09,evening,afternoon,1.0,2.1,1.1,94.5,101.5,44.0,38.0,110.2636,108.5,28.1,28.8,,
"station, PM10, NO2, O3, TEMP -> WSPM","station, PM10, NO2, O3, TEMP",WSPM,256,547,2013-10-08,2014-06-17,Aotizhongxin,Aotizhongxin,2013-10,2014-06,afternoon,night,1.6,0.5,1.1,73.5,63.5,40.5,50.5,43.0,35.0,19.299999999999997,19.1,,
"station, PM10, NO2, O3, TEMP -> WSPM","station, PM10, NO2, O3, TEMP",WSPM,848,881,2015-03-10,2015-04-07,Changping,Changping,2015-03,2015-04,afternoon,evening,2.75,1.65,1.1,59.0,69.5,27.5,35.5,77.5,81.5,12.05,11.2,,
"station, PM10, NO2, O3, TEMP -> WSPM","station, PM10, NO2, O3, TEMP",WSPM,2,1663,2013-02-26,2017-02-21,Aotizhongxin,Aotizhongxin,2013-02,2017-02,morning,night,2.2,1.1,1.1,26.5,41.5,59.0,63.0,31.5,29.5,1.7999999999999998,0.2,,
"station, PM10, NO2, O3, TEMP -> WSPM","station, PM10, NO2, O3, TEMP",WSPM,940,1373,2015-06-02,2016-06-14,Aotizhongxin,Aotizhongxin,2015-06,2016-06,afternoon,evening,2.7,1.6,1.1,59.0,53.0,22.0,30.0,120.0,126.0,28.7,27.1,,
"station, PM10, NO2, O3, TEMP -> WSPM","station, PM10, NO2, O3, TEMP",WSPM,351,758,2013-12-24,2014-12-16,Changping,Changping,2013-12,2014-12,night,morning,2.0,3.1,1.1,44.5,40.0,37.0,31.0,28.744300000000003,28.0,-4.35,-3.3,,
"PM2.5, PM10, NO2, O3, TEMP -> WSPM","PM2.5, PM10, NO2, O3, TEMP",WSPM,1080,1395,2015-09-29,2016-06-28,Changping,Changping,2015-09,2016-06,afternoon,night,4.300000000000001,1.3,3.000000000000001,46.5,48.0,25.5,20.5,58.0,53.0,21.799999999999997,22.0,46.5,48.0
"PM2.5, PM10, NO2, O3, TEMP -> WSPM","PM2.5, PM10, NO2, O3, TEMP",WSPM,151,1088,2013-07-02,2015-10-06,Changping,Changping,2013-07,2015-10,night,afternoon,0.9,3.85,2.95,26.0,20.5,20.0,20.5,58.0,63.0,23.7,21.75,20.0,15.5
"PM2.5, PM10, NO2, O3, TEMP -> WSPM","PM2.5, PM10, NO2, O3, TEMP",WSPM,753,1267,2014-12-16,2016-03-08,Aotizhongxin,Changping,2014-12,2016-03,evening,night,4.9,1.95,2.95,49.0,38.5,15.0,23.0,46.0,44.5,-1.1,-0.6499999999999999,8.0,11.5
"PM2.5, PM10, NO2, O3, TEMP -> WSPM","PM2.5, PM10, NO2, O3, TEMP",WSPM,1208,1619,2016-01-19,2017-01-10,Changping,Changping,2016-01,2017-01,afternoon,night,4.7,1.8,2.9000000000000004,44.0,31.0,29.0,30.0,48.0,38.0,-4.3,-2.86666666666667,15.0,22.0
"PM2.5, PM10, NO2, O3, TEMP -> WSPM","PM2.5, PM10, NO2, O3, TEMP",WSPM,1202,1208,2016-01-12,2016-01-19,Changping,Changping,2016-01,2016-01,morning,afternoon,1.9,4.7,2.8000000000000003,49.5,44.0,36.5,29.0,44.0,48.0,-5.15,-4.3,18.0,15.0
"PM2.5, PM10, NO2, O3, TEMP -> WSPM","PM2.5, PM10, NO2, O3, TEMP",WSPM,1191,1208,2016-01-05,2016-01-19,Aotizhongxin,Changping,2016-01,2016-01,night,afternoon,2.0,4.7,2.7,31.0,44.0,31.0,29.0,43.0,48.0,-5.4,-4.3,14.0,15.0
"PM2.5, PM10, NO2, O3, TEMP -> WSPM","PM2.5, PM10, NO2, O3, TEMP",WSPM,1019,1088,2015-08-04,2015-10-06,Changping,Changping,2015-08,2015-10,night,afternoon,1.2,3.85,2.6500000000000004,27.0,20.5,18.0,20.5,61.0,63.0,22.4,21.75,23.0,15.5
"PM2.5, PM10, NO2, O3, TEMP -> WSPM","PM2.5, PM10, NO2, O3, TEMP",WSPM,1049,1088,2015-09-01,2015-10-06,Changping,Changping,2015-09,2015-10,evening,afternoon,1.2,3.85,2.6500000000000004,29.0,20.5,25.0,20.5,61.5,63.0,22.35,21.75,16.5,15.5
"PM2.5, PM10, NO2, O3, TEMP -> WSPM","PM2.5, PM10, NO2, O3, TEMP",WSPM,1031,1088,2015-08-18,2015-10-06,Aotizhongxin,Changping,2015-08,2015-10,night,afternoon,1.25,3.85,2.6,33.5,20.5,30.5,20.5,70.5,63.0,23.25,21.75,23.5,15.5
"PM2.5, PM10, NO2, O3, TEMP -> WSPM","PM2.5, PM10, NO2, O3, TEMP",WSPM,1192,1243,2016-01-05,2016-02-16,Changping,Changping,2016-01,2016-02,afternoon,night,4.0,1.4,2.6,38.5,43.5,40.5,32.5,45.5,44.0,0.8500000000000001,1.1,13.0,17.0
"PM2.5, PM10, NO2, O3, TEMP -> WSPM","PM2.5, PM10, NO2, O3, TEMP",WSPM,1192,1230,2016-01-05,2016-02-09,Changping,Aotizhongxin,2016-01,2016-02,afternoon,morning,4.0,1.45,2.55,38.5,27.0,40.5,33.5,45.5,43.0,0.8500000000000001,0.65,13.0,16.0
"PM2.5, PM10, NO2, O3, TEMP -> WSPM","PM2.5, PM10, NO2, O3, TEMP",WSPM,1192,1246,2016-01-05,2016-02-23,Changping,Aotizhongxin,2016-01,2016-02,afternoon,morning,4.0,1.5,2.5,38.5,28.0,40.5,34.0,45.5,43.0,0.8500000000000001,-1.05,13.0,18.5
"PM2.5, PM10, NO2, O3, TEMP -> WSPM","PM2.5, PM10, NO2, O3, TEMP",WSPM,1304,1351,2016-04-12,2016-05-24,Changping,Aotizhongxin,2016-04,2016-05,afternoon,night,3.8,1.3,2.5,61.5,58.0,24.0,31.0,75.0,76.0,19.0,19.6,17.5,26.0
"PM2.5, PM10, NO2, O3, TEMP -> WSPM","PM2.5, PM10, NO2, O3, TEMP",WSPM,1041,1088,2015-08-25,2015-10-06,Changping,Changping,2015-08,2015-10,evening,afternoon,1.4,3.85,2.45,28.5,20.5,19.5,20.5,71.5,63.0,23.3,21.75,14.0,15.5
"PM2.5, PM10, NO2, O3, TEMP -> WSPM","PM2.5, PM10, NO2, O3, TEMP",WSPM,348,1649,2013-12-24,2017-02-07,Changping,Changping,2013-12,2017-02,afternoon,evening,3.8499999999999996,1.5,2.3499999999999996,63.0,60.5,29.0,34.0,50.0,46.0,1.25,0.0,25.5,30.5
"PM2.5, PM10, NO2, O3, TEMP -> WSPM","PM2.5, PM10, NO2, O3, TEMP",WSPM,350,1231,2013-12-24,2016-02-09,Changping,Aotizhongxin,2013-12,2016-02,morning,night,3.8499999999999996,1.5,2.3499999999999996,45.0,37.5,36.0,34.0,29.5,37.0,-2.1500000000000004,-0.3,23.5,30.0
"PM2.5, PM10, NO2, O3, TEMP -> WSPM","PM2.5, PM10, NO2, O3, TEMP",WSPM,350,834,2013-12-24,2015-02-24,Changping,Changping,2013-12,2015-02,morning,morning,3.8499999999999996,1.5,2.3499999999999996,45.0,43.0,36.0,33.0,29.5,31.5,-2.1500000000000004,-0.9,23.5,26.0
"PM2.5, PM10, NO2, O3, TEMP -> WSPM","PM2.5, PM10, NO2, O3, TEMP",WSPM,312,316,2013-11-26,2013-11-26,Aotizhongxin,Changping,2013-11,2013-11,afternoon,afternoon,1.9,4.2,2.3000000000000003,55.5,50.5,20.0,17.5,42.0,51.0,6.65,8.100000000000001,14.5,15.5
"PM2.5, PM10, NO2, O3, TEMP -> WSPM","PM2.5, PM10, NO2, O3, TEMP",WSPM,740,1243,2014-12-02,2016-02-16,Changping,Changping,2014-12,2016-02,afternoon,night,3.7,1.4,2.3000000000000003,51.0,43.5,25.0,32.5,45.0,44.0,2.2,1.1,17.5,17.0
"PM2.5, PM10, NO2, O3, TEMP -> WSPM","PM2.5, PM10, NO2, O3, TEMP",WSPM,716,1291,2014-11-11,2016-03-29,Changping,Changping,2014-11,2016-03,afternoon,night,3.6,1.35,2.25,39.0,25.5,15.5,18.0,56.0,49.0,10.9,11.7,12.5,7.5
"PM2.5, PM10, NO2, O3, TEMP -> WSPM","PM2.5, PM10, NO2, O3, TEMP",WSPM,1038,1088,2015-08-25,2015-10-06,Aotizhongxin,Changping,2015-08,2015-10,morning,afternoon,1.6,3.85,2.25,23.0,20.5,30.5,20.5,53.0,63.0,23.2,21.75,15.0,15.5
"PM2.5, PM10, NO2, O3, TEMP -> WSPM","PM2.5, PM10, NO2, O3, TEMP",WSPM,319,350,2013-11-26,2013-12-24,Changping,Changping,2013-11,2013-12,night,morning,1.6,3.8499999999999996,2.2499999999999996,32.5,45.0,31.5,36.0,26.0,29.5,-0.30000000000000004,-2.1500000000000004,23.5,23.5
"PM2.5, PM10, NO2, O3, TEMP -> WSPM","PM2.5, PM10, NO2, O3, TEMP",WSPM,748,768,2014-12-09,2014-12-30,Changping,Changping,2014-12,2014-12,afternoon,afternoon,3.9499999999999997,1.7000000000000002,2.2499999999999996,72.5,74.0,20.0,30.0,52.5,46.5,2.75,4.0,19.5,27.5
"PM2.5, PM10, NO2, O3, TEMP -> WSPM","PM2.5, PM10, NO2, O3, TEMP",WSPM,297,318,2013-11-12,2013-11-26,Aotizhongxin,Changping,2013-11,2013-11,evening,morning,1.05,3.25,2.2,17.5,32.5,21.5,23.0,33.308099999999996,34.5,3.15,4.1,10.0,16.0
"PM2.5, PM10, NO2, O3, TEMP -> WSPM","PM2.5, PM10, NO2, O3, TEMP",WSPM,61,877,2013-04-16,2015-04-07,Changping,Aotizhongxin,2013-04,2015-04,evening,evening,1.25,3.45,2.2,99.0,103.0,39.0,44.0,79.5,83.5,12.2,12.3,67.5,65.75
"PM2.5, PM10, NO2, O3, TEMP -> WSPM","PM2.5, PM10, NO2, O3, TEMP",WSPM,1192,1646,2016-01-05,2017-02-07,Changping,Aotizhongxin,2016-01,2017-02,afternoon,morning,4.0,1.7999999999999998,2.2,38.5,34.5,40.5,50.0,45.5,53.5,0.8500000000000001,-1.0,13.0,18.0
"PM2.5, PM10, NO2, O3, TEMP -> WSPM","PM2.5, PM10, NO2, O3, TEMP",WSPM,753,1624,2014-12-16,2017-01-17,Aotizhongxin,Changping,2014-12,2017-01,evening,afternoon,4.9,2.75,2.1500000000000004,49.0,36.5,15.0,20.5,46.0,43.5,-1.1,-0.575,8.0,14.0
"PM2.5, PM10, NO2, O3, TEMP -> WSPM","PM2.5, PM10, NO2, O3, TEMP",WSPM,350,1155,2013-12-24,2015-12-01,Changping,Changping,2013-12,2015-12,morning,night,3.8499999999999996,1.7,2.1499999999999995,45.0,36.0,36.0,45.0,29.5,24.0,-2.1500000000000004,-0.2,23.5,25.0
"PM2.5, PM10, NO2, O3, TEMP -> WSPM","PM2.5, PM10, NO2, O3, TEMP",WSPM,810,1192,2015-02-03,2016-01-05,Changping,Changping,2015-02,2016-01,morning,afternoon,1.9,4.0,2.1,29.0,38.5,33.0,40.5,44.0,45.5,0.0,0.8500000000000001,22.0,13.0
"PM2.5, PM10, NO2, O3, TEMP -> WSPM","PM2.5, PM10, NO2, O3, TEMP",WSPM,1192,1266,2016-01-05,2016-03-08,Changping,Changping,2016-01,2016-03,afternoon,morning,4.0,1.9,2.1,38.5,32.0,40.5,40.0,45.5,47.5,0.8500000000000001,0.8500000000000001,13.0,12.5
"PM2.5, PM10, NO2, O3, TEMP -> WSPM","PM2.5, PM10, NO2, O3, TEMP",WSPM,344,756,2013-12-24,2014-12-16,Aotizhongxin,Changping,2013-12,2014-12,afternoon,afternoon,1.9,3.95,2.0500000000000003,59.0,46.0,24.5,21.0,45.0,43.0,1.55,1.35,20.5,15.0
"PM2.5, PM10, NO2, O3, TEMP -> WSPM","PM2.5, PM10, NO2, O3, TEMP",WSPM,1192,1249,2016-01-05,2016-02-23,Changping,Changping,2016-01,2016-02,afternoon,evening,4.0,1.95,2.05,38.5,38.0,40.5,37.0,45.5,52.0,0.8500000000000001,1.7,13.0,17.5
"PM2.5, PM10, NO2, O3, TEMP -> WSPM","PM2.5, PM10, NO2, O3, TEMP",WSPM,344,748,2013-12-24,2014-12-09,Aotizhongxin,Changping,2013-12,2014-12,afternoon,afternoon,1.9,3.9499999999999997,2.05,59.0,72.5,24.5,20.0,45.0,52.5,1.55,2.75,20.5,19.5
"PM2.5, PM10, NO2, O3, TEMP -> WSPM","PM2.5, PM10, NO2, O3, TEMP",WSPM,350,1619,2013-12-24,2017-01-10,Changping,Changping,2013-12,2017-01,morning,night,3.8499999999999996,1.8,2.05,45.0,31.0,36.0,30.0,29.5,38.0,-2.1500000000000004,-2.86666666666667,23.5,22.0
"PM2.5, PM10, NO2, O3, TEMP -> WSPM","PM2.5, PM10, NO2, O3, TEMP",WSPM,55,318,2013-04-09,2013-11-26,Changping,Changping,2013-04,2013-11,night,morning,1.2,3.25,2.05,39.5,32.5,33.0,23.0,41.705799999999996,34.5,5.55,4.1,15.0,16.0
"PM2.5, PM10, NO2, O3, TEMP -> WSPM","PM2.5, PM10, NO2, O3, TEMP",WSPM,456,637,2014-04-01,2014-09-02,Aotizhongxin,Changping,2014-04,2014-09,afternoon,evening,3.4,1.4,2.0,93.5,80.5,31.0,26.5,100.5,108.0,22.75,24.299999999999997,37.0,37.5
"PM2.5, PM10, NO2, O3, TEMP -> WSPM","PM2.5, PM10, NO2, O3, TEMP",WSPM,756,1267,2014-12-16,2016-03-08,Changping,Changping,2014-12,2016-03,afternoon,night,3.95,1.95,2.0,46.0,38.5,21.0,23.0,43.0,44.5,1.35,-0.6499999999999999,15.0,11.5
"PM2.5, PM10, NO2, O3, TEMP -> WSPM","PM2.5, PM10, NO2, O3, TEMP",WSPM,350,1193,2013-12-24,2016-01-05,Changping,Changping,2013-12,2016-01,morning,evening,3.8499999999999996,1.85,1.9999999999999996,45.0,37.5,36.0,39.0,29.5,37.5,-2.1500000000000004,-2.4,23.5,20.0
"PM2.5, PM10, NO2, O3, TEMP -> WSPM","PM2.5, PM10, NO2, O3, TEMP",WSPM,488,939,2014-04-29,2015-05-26,Aotizhongxin,Changping,2014-04,2015-05,afternoon,night,3.1500000000000004,1.2,1.9500000000000004,128.0,114.5,26.5,27.0,99.0,99.0,21.65,22.5,63.5,72.0
"PM2.5, PM10, NO2, O3, TEMP -> WSPM","PM2.5, PM10, NO2, O3, TEMP",WSPM,756,800,2014-12-16,2015-01-27,Changping,Changping,2014-12,2015-01,afternoon,afternoon,3.95,2.0,1.9500000000000002,46.0,31.0,21.0,20.0,43.0,46.0,1.35,2.0,15.0,19.0
"PM2.5, PM10, NO2, O3, TEMP -> WSPM","PM2.5, PM10, NO2, O3, TEMP",WSPM,549,1336,2014-06-17,2016-05-10,Changping,Changping,2014-06,2016-05,evening,afternoon,1.25,3.2,1.9500000000000002,45.5,32.0,32.0,22.0,99.0,91.0,22.4,23.55,28.5,25.5
"PM2.5, PM10, NO2, O3, TEMP -> WSPM","PM2.5, PM10, NO2, O3, TEMP",WSPM,48,69,2013-04-09,2013-04-23,Aotizhongxin,Changping,2013-04,2013-04,afternoon,evening,3.75,1.8,1.95,79.0,74.5,15.0,23.0,82.5193,90.0,16.549999999999997,18.450000000000003,21.5,27.0
"PM2.5, PM10, NO2, O3, TEMP -> WSPM","PM2.5, PM10, NO2, O3, TEMP",WSPM,344,348,2013-12-24,2013-12-24,Aotizhongxin,Changping,2013-12,2013-12,afternoon,afternoon,1.9,3.8499999999999996,1.9499999999999997,59.0,63.0,24.5,29.0,45.0,50.0,1.55,1.25,20.5,25.5
"PM2.5, PM10, NO2, O3, TEMP -> WSPM","PM2.5, PM10, NO2, O3, TEMP",WSPM,5,1616,2013-02-26,2017-01-10,Changping,Changping,2013-02,2017-01,evening,afternoon,0.8,2.7,1.9000000000000001,55.0,58.5,44.5,38.0,49.5,44.0,3.35,2.0125,29.5,27.0
"PM2.5, PM10, NO2, O3, TEMP -> WSPM","PM2.5, PM10, NO2, O3, TEMP",WSPM,743,755,2014-12-02,2014-12-16,Changping,Aotizhongxin,2014-12,2014-12,night,night,1.7000000000000002,3.6,1.9,23.5,23.0,19.0,21.0,38.0,39.5,-4.05,-3.6500000000000004,12.0,8.5
"PM2.5, PM10, NO2, O3, TEMP -> WSPM","PM2.5, PM10, NO2, O3, TEMP",WSPM,740,1241,2014-12-02,2016-02-16,Changping,Changping,2014-12,2016-02,afternoon,evening,3.7,1.85,1.85,51.0,42.5,25.0,29.0,45.0,55.0,2.2,2.6500000000000004,17.5,23.0
"PM2.5, PM10, NO2, O3, TEMP -> WSPM","PM2.5, PM10, NO2, O3, TEMP",WSPM,344,740,2013-12-24,2014-12-02,Aotizhongxin,Changping,2013-12,2014-12,afternoon,afternoon,1.9,3.7,1.8000000000000003,59.0,51.0,24.5,25.0,45.0,45.0,1.55,2.2,20.5,17.5
"PM2.5, PM10, NO2, O3, TEMP -> WSPM","PM2.5, PM10, NO2, O3, TEMP",WSPM,758,799,2014-12-16,2015-01-27,Changping,Aotizhongxin,2014-12,2015-01,morning,night,3.1,1.3,1.8,40.0,30.0,31.0,38.5,28.0,21.5,-3.3,-5.0,15.0,23.0
"PM2.5, PM10, NO2, O3, TEMP -> WSPM","PM2.5, PM10, NO2, O3, TEMP",WSPM,1192,1238,2016-01-05,2016-02-16,Changping,Aotizhongxin,2016-01,2016-02,afternoon,morning,4.0,2.2,1.7999999999999998,38.5,36.0,40.5,41.0,45.5,41.0,0.8500000000000001,1.3,13.0,18.0
"PM2.5, PM10, NO2, O3, TEMP -> WSPM","PM2.5, PM10, NO2, O3, TEMP",WSPM,754,1208,2014-12-16,2016-01-19,Aotizhongxin,Changping,2014-12,2016-01,morning,afternoon,2.95,4.7,1.75,44.0,44.0,22.0,29.0,38.0,48.0,-3.75,-4.3,11.0,15.0
"PM2.5, PM10, NO2, O3, TEMP -> WSPM","PM2.5, PM10, NO2, O3, TEMP",WSPM,350,742,2013-12-24,2014-12-02,Changping,Changping,2013-12,2014-12,morning,morning,3.8499999999999996,2.1,1.7499999999999996,45.0,39.0,36.0,36.0,29.5,30.0,-2.1500000000000004,-3.7,23.5,17.0
"PM2.5, PM10, NO2, O3, TEMP -> WSPM","PM2.5, PM10, NO2, O3, TEMP",WSPM,533,1336,2014-06-03,2016-05-10,Changping,Changping,2014-06,2016-05,evening,afternoon,1.5,3.2,1.7000000000000002,40.0,32.0,28.5,22.0,100.5,91.0,24.4,23.55,19.5,25.5
"PM2.5, PM10, NO2, O3, TEMP -> WSPM","PM2.5, PM10, NO2, O3, TEMP",WSPM,332,756,2013-12-10,2014-12-16,Changping,Changping,2013-12,2014-12,afternoon,afternoon,2.25,3.95,1.7000000000000002,45.5,46.0,19.0,21.0,44.5,43.0,3.2,1.35,17.0,15.0
"PM2.5, PM10, NO2, O3, TEMP -> WSPM","PM2.5, PM10, NO2, O3, TEMP",WSPM,1073,1089,2015-09-22,2015-10-06,Changping,Changping,2015-09,2015-10,evening,evening,1.05,2.75,1.7,41.5,31.5,42.0,38.0,40.5,30.5,17.95,16.45,33.5,24.0
"PM2.5, PM10, NO2, O3, TEMP -> WSPM","PM2.5, PM10, NO2, O3, TEMP",WSPM,541,1349,2014-06-10,2016-05-24,Changping,Aotizhongxin,2014-06,2016-05,evening,evening,1.2,2.9,1.7,68.5,69.5,28.0,22.0,128.5,137.5,24.65,26.1,26.0,27.5
"PM2.5, PM10, NO2, O3, TEMP -> WSPM","PM2.5, PM10, NO2, O3, TEMP",WSPM,796,1648,2015-01-27,2017-02-07,Aotizhongxin,Changping,2015-01,2017-02,afternoon,afternoon,1.9,3.55,1.65,29.0,35.0,28.0,18.0,47.0,54.0,3.0,4.05,19.0,13.0
"PM2.5, PM10, NO2, O3, TEMP -> WSPM","PM2.5, PM10, NO2, O3, TEMP",WSPM,712,716,2014-11-11,2014-11-11,Aotizhongxin,Changping,2014-11,2014-11,afternoon,afternoon,2.0,3.6,1.6,35.0,39.0,22.5,15.5,48.0,56.0,11.3,10.9,14.0,12.5
"PM2.5, PM10, NO2, O3, TEMP -> WSPM","PM2.5, PM10, NO2, O3, TEMP",WSPM,755,1191,2014-12-16,2016-01-05,Aotizhongxin,Aotizhongxin,2014-12,2016-01,night,night,3.6,2.0,1.6,23.0,31.0,21.0,31.0,39.5,43.0,-3.6500000000000004,-5.4,8.5,14.0
"PM2.5, PM10, NO2, O3, TEMP -> WSPM","PM2.5, PM10, NO2, O3, TEMP",WSPM,207,1329,2013-08-20,2016-05-03,Changping,Changping,2013-08,2016-05,night,evening,0.6,2.2,1.6,52.0,60.5,22.0,27.0,72.5,81.0,22.8,21.5,29.5,29.0
"PM2.5, PM10, NO2, O3, TEMP -> WSPM","PM2.5, PM10, NO2, O3, TEMP",WSPM,181,1349,2013-07-30,2016-05-24,Changping,Aotizhongxin,2013-07,2016-05,evening,evening,1.2999999999999998,2.9,1.6,64.5,69.5,24.5,22.0,147.0,137.5,24.85,26.1,36.0,27.5
"PM2.5, PM10, NO2, O3, TEMP -> WSPM","PM2.5, PM10, NO2, O3, TEMP",WSPM,71,288,2013-04-23,2013-11-05,Changping,Aotizhongxin,2013-04,2013-11,night,afternoon,0.9,2.5,1.6,63.0,67.0,45.5,41.0,44.5,38.1276,11.2,13.2,33.0,28.0
"PM2.5, PM10, NO2, O3, TEMP -> WSPM","PM2.5, PM10, NO2, O3, TEMP",WSPM,1036,1352,2015-08-25,2016-05-24,Aotizhongxin,Changping,2015-08,2016-05,afternoon,afternoon,1.65,3.25,1.6,16.5,30.0,17.0,20.0,114.5,112.0,29.65,29.1,11.5,15.0
"PM2.5, PM10, NO2, O3, TEMP -> WSPM","PM2.5, PM10, NO2, O3, TEMP",WSPM,559,1328,2014-06-24,2016-05-03,Changping,Changping,2014-06,2016-05,night,afternoon,1.3,2.9,1.5999999999999999,39.0,48.0,29.0,20.5,80.0,85.0,23.5,25.2,24.5,22.5
"PM2.5, PM10, NO2, O3, TEMP -> WSPM","PM2.5, PM10, NO2, O3, TEMP",WSPM,1328,1377,2016-05-03,2016-06-14,Changping,Changping,2016-05,2016-06,afternoon,evening,2.9,1.3,1.5999999999999999,48.0,46.0,20.5,25.0,85.0,83.5,25.2,26.5,22.5,24.0
"PM2.5, PM10, NO2, O3, TEMP -> WSPM","PM2.5, PM10, NO2, O3, TEMP",WSPM,55,718,2013-04-09,2014-11-11,Changping,Changping,2013-04,2014-11,night,morning,1.2,2.8,1.5999999999999999,39.5,49.5,33.0,28.0,41.705799999999996,36.0,5.55,5.85,15.0,18.0
"PM2.5, PM10, NO2, O3, TEMP -> WSPM","PM2.5, PM10, NO2, O3, TEMP",WSPM,456,921,2014-04-01,2015-05-12,Aotizhongxin,Changping,2014-04,2015-05,afternoon,evening,3.4,1.8,1.5999999999999999,93.5,85.0,31.0,28.0,100.5,94.0,22.75,23.3,37.0,47.0
"PM2.5, PM10, NO2, O3, TEMP -> WSPM","PM2.5, PM10, NO2, O3, TEMP",WSPM,1112,1286,2015-10-27,2016-03-29,Changping,Aotizhongxin,2015-10,2016-03,afternoon,morning,3.15,1.55,1.5999999999999999,44.0,43.0,27.0,35.5,48.5,42.0,15.4,14.45,15.5,13.0
"PM2.5, PM10, NO2, O3, TEMP -> WSPM","PM2.5, PM10, NO2, O3, TEMP",WSPM,525,1349,2014-05-27,2016-05-24,Changping,Aotizhongxin,2014-05,2016-05,evening,evening,1.3,2.9,1.5999999999999999,71.5,69.5,28.0,22.0,135.0,137.5,27.450000000000003,26.1,37.0,27.5
"PM2.5, PM10, NO2, O3, TEMP -> WSPM","PM2.5, PM10, NO2, O3, TEMP",WSPM,1328,1409,2016-05-03,2016-07-12,Changping,Changping,2016-05,2016-07,afternoon,evening,2.9,1.3,1.5999999999999999,48.0,45.0,20.5,23.5,85.0,94.5,25.2,25.9,22.5,29.5
"PM2.5, PM10, NO2, O3, TEMP -> WSPM","PM2.5, PM10, NO2, O3, TEMP",WSPM,189,920,2013-08-06,2015-05-12,Changping,Changping,2013-08,2015-05,evening,afternoon,1.2,2.8,1.5999999999999999,67.0,76.0,17.0,19.0,113.5,106.0,28.1,26.3,43.0,35.0
"PM2.5, PM10, NO2, O3, TEMP -> WSPM","PM2.5, PM10, NO2, O3, TEMP",WSPM,348,1263,2013-12-24,2016-03-08,Changping,Aotizhongxin,2013-12,2016-03,afternoon,night,3.8499999999999996,2.25,1.5999999999999996,63.0,65.5,29.0,34.0,50.0,46.5,1.25,0.30000000000000004,25.5,17.0
"PM2.5, PM10, NO2, O3, TEMP -> WSPM","PM2.5, PM10, NO2, O3, TEMP",WSPM,736,756,2014-12-02,2014-12-16,Aotizhongxin,Changping,2014-12,2014-12,afternoon,afternoon,2.4,3.95,1.5500000000000003,51.5,46.0,23.0,21.0,47.5,43.0,2.1500000000000004,1.35,16.0,15.0
"PM2.5, PM10, NO2, O3, TEMP -> WSPM","PM2.5, PM10, NO2, O3, TEMP",WSPM,758,1251,2014-12-16,2016-02-23,Changping,Changping,2014-12,2016-02,morning,night,3.1,1.55,1.55,40.0,29.5,31.0,34.5,28.0,34.5,-3.3,-2.8,15.0,16.5
"PM2.5, PM10, NO2, O3, TEMP -> WSPM","PM2.5, PM10, NO2, O3, TEMP",WSPM,896,929,2015-04-21,2015-05-19,Changping,Changping,2015-04,2015-05,afternoon,evening,3.3,1.75,1.5499999999999998,130.0,131.0,22.0,27.0,138.0,130.5,26.6,26.1,63.0,59.0
"PM2.5, PM10, NO2, O3, TEMP -> WSPM","PM2.5, PM10, NO2, O3, TEMP",WSPM,350,1618,2013-12-24,2017-01-10,Changping,Changping,2013-12,2017-01,morning,morning,3.8499999999999996,2.3,1.5499999999999998,45.0,41.0,36.0,41.0,29.5,29.0,-2.1500000000000004,-3.4,23.5,24.0
"PM2.5, PM10, NO2, O3, TEMP -> WSPM","PM2.5, PM10, NO2, O3, TEMP",WSPM,850,1560,2015-03-10,2016-11-22,Changping,Changping,2015-03,2016-11,morning,afternoon,1.45,2.95,1.5000000000000002,93.5,81.0,64.5,54.5,18.0,27.0,4.4,4.1,56.5,53.5
"PM2.5, PM10, NO2, O3, TEMP -> WSPM","PM2.5, PM10, NO2, O3, TEMP",WSPM,101,1312,2013-05-21,2016-04-19,Changping,Changping,2013-05,2016-04,evening,afternoon,1.25,2.75,1.5,108.0,108.0,40.5,37.5,85.5,85.5,23.0,24.1,76.0,81.5
"PM2.5, PM10, NO2, O3, TEMP -> WSPM","PM2.5, PM10, NO2, O3, TEMP",WSPM,157,1350,2013-07-09,2016-05-24,Changping,Aotizhongxin,2013-07,2016-05,evening,morning,0.9,2.4,1.5,57.0,48.0,28.0,23.0,73.3779,83.0,24.25,23.5,42.5,38.0
"PM2.5, PM10, NO2, O3, TEMP -> WSPM","PM2.5, PM10, NO2, O3, TEMP",WSPM,207,946,2013-08-20,2015-06-02,Changping,Changping,2013-08,2015-06,night,morning,0.6,2.1,1.5,52.0,49.5,22.0,19.0,72.5,65.0,22.8,24.55,29.5,21.0
"PM2.5, PM10, NO2, O3, TEMP -> WSPM","PM2.5, PM10, NO2, O3, TEMP",WSPM,364,1243,2014-01-07,2016-02-16,Changping,Changping,2014-01,2016-02,afternoon,night,2.9,1.4,1.5,31.0,43.5,29.0,32.5,46.5,44.0,2.3499999999999996,1.1,20.0,17.0
"PM2.5, PM10, NO2, O3, TEMP -> WSPM","PM2.5, PM10, NO2, O3, TEMP",WSPM,291,318,2013-11-05,2013-11-26,Aotizhongxin,Changping,2013-11,2013-11,night,morning,1.75,3.25,1.5,22.5,32.5,15.5,23.0,33.5223,34.5,3.05,4.1,7.0,16.0
"PM2.5, PM10, NO2, O3, TEMP -> WSPM","PM2.5, PM10, NO2, O3, TEMP",WSPM,292,1099,2013-11-05,2015-10-13,Changping,Changping,2013-11,2015-10,afternoon,night,2.8,1.3,1.4999999999999998,62.0,65.0,34.5,40.0,36.414,39.5,13.45,12.9,30.5,40.0
"PM2.5, PM10, NO2, O3, TEMP -> WSPM","PM2.5, PM10, NO2, O3, TEMP",WSPM,1087,1091,2015-10-06,2015-10-06,Aotizhongxin,Changping,2015-10,2015-10,night,night,1.3,2.8,1.4999999999999998,32.0,18.0,50.0,42.0,26.0,27.0,14.8,14.350000000000001,10.0,17.0
"PM2.5, PM10, NO2, O3, TEMP -> WSPM","PM2.5, PM10, NO2, O3, TEMP",WSPM,493,1285,2014-04-29,2016-03-29,Changping,Aotizhongxin,2014-04,2016-03,evening,evening,1.75,3.2,1.4500000000000002,123.0,124.0,35.0,26.0,82.0,85.0,16.5,17.15,33.0,41.5
"PM2.5, PM10, NO2, O3, TEMP -> WSPM","PM2.5, PM10, NO2, O3, TEMP",WSPM,758,1195,2014-12-16,2016-01-05,Changping,Changping,2014-12,2016-01,morning,night,3.1,1.65,1.4500000000000002,40.0,26.0,31.0,32.0,28.0,34.5,-3.3,-5.25,15.0,16.0
"PM2.5, PM10, NO2, O3, TEMP -> WSPM","PM2.5, PM10, NO2, O3, TEMP",WSPM,332,740,2013-12-10,2014-12-02,Changping,Changping,2013-12,2014-12,afternoon,afternoon,2.25,3.7,1.4500000000000002,45.5,51.0,19.0,25.0,44.5,45.0,3.2,2.2,17.0,17.5
"PM2.5, PM10, NO2, O3, TEMP -> WSPM","PM2.5, PM10, NO2, O3, TEMP",WSPM,740,1263,2014-12-02,2016-03-08,Changping,Aotizhongxin,2014-12,2016-03,afternoon,night,3.7,2.25,1.4500000000000002,51.0,65.5,25.0,34.0,45.0,46.5,2.2,0.30000000000000004,17.5,17.0
"PM2.5, PM10, NO2, O3, TEMP -> WSPM","PM2.5, PM10, NO2, O3, TEMP",WSPM,1239,1624,2016-02-16,2017-01-17,Aotizhongxin,Changping,2016-02,2017-01,night,afternoon,1.3,2.75,1.45,39.0,36.5,29.0,20.5,50.0,43.5,-0.9,-0.575,18.0,14.0
"PM2.5, PM10, NO2, O3, TEMP -> WSPM","PM2.5, PM10, NO2, O3, TEMP",WSPM,364,1230,2014-01-07,2016-02-09,Changping,Aotizhongxin,2014-01,2016-02,afternoon,morning,2.9,1.45,1.45,31.0,27.0,29.0,33.5,46.5,43.0,2.3499999999999996,0.65,20.0,16.0
"PM2.5, PM10, NO2, O3, TEMP -> WSPM","PM2.5, PM10, NO2, O3, TEMP",WSPM,1223,1624,2016-02-02,2017-01-17,Aotizhongxin,Changping,2016-02,2017-01,night,afternoon,1.3,2.75,1.45,24.0,36.5,27.0,20.5,51.0,43.5,-2.1500000000000004,-0.575,16.5,14.0
"PM2.5, PM10, NO2, O3, TEMP -> WSPM","PM2.5, PM10, NO2, O3, TEMP",WSPM,348,736,2013-12-24,2014-12-02,Changping,Aotizhongxin,2013-12,2014-12,afternoon,afternoon,3.8499999999999996,2.4,1.4499999999999997,63.0,51.5,29.0,23.0,50.0,47.5,1.25,2.1500000000000004,25.5,16.0
"PM2.5, PM10, NO2, O3, TEMP -> WSPM","PM2.5, PM10, NO2, O3, TEMP",WSPM,912,931,2015-05-05,2015-05-19,Changping,Changping,2015-05,2015-05,afternoon,night,2.8499999999999996,1.4,1.4499999999999997,44.0,59.0,16.0,22.0,87.5,77.5,20.7,19.5,25.5,29.5
"PM2.5, PM10, NO2, O3, TEMP -> WSPM","PM2.5, PM10, NO2, O3, TEMP",WSPM,296,1291,2013-11-12,2016-03-29,Aotizhongxin,Changping,2013-11,2016-03,afternoon,night,2.8,1.35,1.4499999999999997,35.0,25.5,13.0,18.0,54.4068,49.0,11.2,11.7,13.0,7.5
"PM2.5, PM10, NO2, O3, TEMP -> WSPM","PM2.5, PM10, NO2, O3, TEMP",WSPM,292,1331,2013-11-05,2016-05-03,Changping,Changping,2013-11,2016-05,afternoon,night,2.8,1.35,1.4499999999999997,62.0,62.0,34.5,25.5,36.414,34.0,13.45,14.85,30.5,32.0
"PM2.5, PM10, NO2, O3, TEMP -> WSPM","PM2.5, PM10, NO2, O3, TEMP",WSPM,1236,1260,2016-02-16,2016-03-08,Aotizhongxin,Aotizhongxin,2016-02,2016-03,afternoon,afternoon,4.4,3.0,1.4000000000000004,35.0,46.0,8.0,9.0,84.0,86.0,6.4,7.55,17.0,21.0
"PM2.5, PM10, NO2, O3, TEMP -> WSPM","PM2.5, PM10, NO2, O3, TEMP",WSPM,5,1237,2013-02-26,2016-02-16,Changping,Aotizhongxin,2013-02,2016-02,evening,evening,0.8,2.2,1.4000000000000001,55.0,44.0,44.5,37.5,49.5,56.5,3.35,3.3499999999999996,29.5,20.0
"PM2.5, PM10, NO2, O3, TEMP -> WSPM","PM2.5, PM10, NO2, O3, TEMP",WSPM,1226,1239,2016-02-02,2016-02-16,Changping,Aotizhongxin,2016-02,2016-02,morning,night,2.7,1.3,1.4000000000000001,36.5,39.0,37.0,29.0,53.0,50.0,-0.9,-0.9,15.0,18.0
"PM2.5, PM10, NO2, O3, TEMP -> WSPM","PM2.5, PM10, NO2, O3, TEMP",WSPM,1287,1664,2016-03-29,2017-02-21,Aotizhongxin,Changping,2016-03,2017-02,night,afternoon,1.7,3.1,1.4000000000000001,38.0,30.5,28.0,34.0,58.0,56.0,12.9,10.95,10.0,18.0
"PM2.5, PM10, NO2, O3, TEMP -> WSPM","PM2.5, PM10, NO2, O3, TEMP",WSPM,133,916,2013-06-18,2015-05-12,Changping,Aotizhongxin,2013-06,2015-05,evening,afternoon,1.05,2.45,1.4000000000000001,73.0,65.5,32.0,27.0,118.9399,124.5,26.1,25.549999999999997,18.0,27.0
"PM2.5, PM10, NO2, O3, TEMP -> WSPM","PM2.5, PM10, NO2, O3, TEMP",WSPM,489,1285,2014-04-29,2016-03-29,Aotizhongxin,Aotizhongxin,2014-04,2016-03,evening,evening,1.8,3.2,1.4000000000000001,117.0,124.0,33.0,26.0,79.0,85.0,15.4,17.15,44.0,41.5
"PM2.5, PM10, NO2, O3, TEMP -> WSPM","PM2.5, PM10, NO2, O3, TEMP",WSPM,1223,1226,2016-02-02,2016-02-02,Aotizhongxin,Changping,2016-02,2016-02,night,morning,1.3,2.7,1.4000000000000001,24.0,36.5,27.0,37.0,51.0,53.0,-2.1500000000000004,-0.9,16.5,15.0
"PM2.5, PM10, NO2, O3, TEMP -> WSPM","PM2.5, PM10, NO2, O3, TEMP",WSPM,543,1325,2014-06-10,2016-05-03,Changping,Aotizhongxin,2014-06,2016-05,night,evening,0.9,2.3,1.4,42.0,56.0,27.0,29.0,76.0,85.0,21.1,21.3,31.0,33.0
"PM2.5, PM10, NO2, O3, TEMP -> WSPM","PM2.5, PM10, NO2, O3, TEMP",WSPM,1220,1236,2016-02-02,2016-02-16,Aotizhongxin,Aotizhongxin,2016-02,2016-02,afternoon,afternoon,3.05,4.4,1.3500000000000005,28.0,35.0,10.0,8.0,81.0,84.0,5.0,6.4,16.0,17.0
"PM2.5, PM10, NO2, O3, TEMP -> WSPM","PM2.5, PM10, NO2, O3, TEMP",WSPM,135,946,2013-06-18,2015-06-02,Changping,Changping,2013-06,2015-06,night,morning,0.75,2.1,1.35,53.5,49.5,22.7915,19.0,72.0,65.0,23.25,24.55,17.5,21.0
"PM2.5, PM10, NO2, O3, TEMP -> WSPM","PM2.5, PM10, NO2, O3, TEMP",WSPM,1312,1342,2016-04-19,2016-05-17,Changping,Aotizhongxin,2016-04,2016-05,afternoon,morning,2.75,1.4,1.35,108.0,96.0,37.5,44.0,85.5,76.0,24.1,22.6,81.5,84.0
"PM2.5, PM10, NO2, O3, TEMP -> WSPM","PM2.5, PM10, NO2, O3, TEMP",WSPM,1282,1664,2016-03-22,2017-02-21,Changping,Changping,2016-03,2017-02,morning,afternoon,1.75,3.1,1.35,27.0,30.5,32.0,34.0,53.0,56.0,10.35,10.95,10.0,18.0
"PM2.5, PM10, NO2, O3, TEMP -> WSPM","PM2.5, PM10, NO2, O3, TEMP",WSPM,44,61,2013-04-02,2013-04-16,Changping,Changping,2013-04,2013-04,afternoon,evening,2.6,1.25,1.35,109.5,99.0,35.5,39.0,86.5,79.5,12.6,12.2,58.5,67.5
"PM2.5, PM10, NO2, O3, TEMP -> WSPM","PM2.5, PM10, NO2, O3, TEMP",WSPM,440,497,2014-03-18,2014-05-06,Aotizhongxin,Aotizhongxin,2014-03,2014-05,afternoon,evening,2.75,1.4,1.35,111.5,121.5,41.5,51.0,87.0,83.5,18.700000000000003,17.799999999999997,60.5,53.0
"PM2.5, PM10, NO2, O3, TEMP -> WSPM","PM2.5, PM10, NO2, O3, TEMP",WSPM,939,1309,2015-05-26,2016-04-19,Changping,Aotizhongxin,2015-05,2016-04,night,evening,1.2,2.55,1.3499999999999999,114.5,107.0,27.0,34.0,99.0,100.5,22.5,20.7,72.0,65.0
"PM2.5, PM10, NO2, O3, TEMP -> WSPM","PM2.5, PM10, NO2, O3, TEMP",WSPM,977,1328,2015-06-30,2016-05-03,Changping,Changping,2015-06,2016-05,evening,afternoon,1.55,2.9,1.3499999999999999,52.5,48.0,27.0,20.5,81.5,85.0,25.85,25.2,28.5,22.5
"PM2.5, PM10, NO2, O3, TEMP -> WSPM","PM2.5, PM10, NO2, O3, TEMP",WSPM,1216,1641,2016-01-26,2017-01-31,Changping,Changping,2016-01,2017-01,afternoon,evening,2.55,1.2,1.3499999999999999,46.5,42.0,50.5,42.5,48.5,45.5,0.65,1.4500000000000002,24.0,28.0
"PM2.5, PM10, NO2, O3, TEMP -> WSPM","PM2.5, PM10, NO2, O3, TEMP",WSPM,151,1056,2013-07-02,2015-09-08,Changping,Changping,2013-07,2015-09,night,afternoon,0.9,2.2,1.3000000000000003,26.0,18.0,20.0,25.0,58.0,68.0,23.7,24.9,20.0,12.0
"PM2.5, PM10, NO2, O3, TEMP -> WSPM","PM2.5, PM10, NO2, O3, TEMP",WSPM,1243,1616,2016-02-16,2017-01-10,Changping,Changping,2016-02,2017-01,night,afternoon,1.4,2.7,1.3000000000000003,43.5,58.5,32.5,38.0,44.0,44.0,1.1,2.0125,17.0,27.0
"PM2.5, PM10, NO2, O3, TEMP -> WSPM","PM2.5, PM10, NO2, O3, TEMP",WSPM,736,740,2014-12-02,2014-12-02,Aotizhongxin,Changping,2014-12,2014-12,afternoon,afternoon,2.4,3.7,1.3000000000000003,51.5,51.0,23.0,25.0,47.5,45.0,2.1500000000000004,2.2,16.0,17.5
"PM2.5, PM10, NO2, O3, TEMP -> WSPM","PM2.5, PM10, NO2, O3, TEMP",WSPM,1226,1243,2016-02-02,2016-02-16,Changping,Changping,2016-02,2016-02,morning,night,2.7,1.4,1.3000000000000003,36.5,43.5,37.0,32.5,53.0,44.0,-0.9,1.1,15.0,17.0
"PM2.5, PM10, NO2, O3, TEMP -> WSPM","PM2.5, PM10, NO2, O3, TEMP",WSPM,758,1626,2014-12-16,2017-01-17,Changping,Changping,2014-12,2017-01,morning,morning,3.1,1.8,1.3,40.0,38.0,31.0,34.0,28.0,37.0,-3.3,-4.2875,15.0,22.0
"PM2.5, PM10, NO2, O3, TEMP -> WSPM","PM2.5, PM10, NO2, O3, TEMP",WSPM,52,69,2013-04-09,2013-04-23,Changping,Changping,2013-04,2013-04,afternoon,evening,3.1,1.8,1.3,66.0,74.5,14.0,23.0,94.51689999999999,90.0,16.6,18.450000000000003,17.0,27.0
"PM2.5, PM10, NO2, O3, TEMP -> WSPM","PM2.5, PM10, NO2, O3, TEMP",WSPM,758,1619,2014-12-16,2017-01-10,Changping,Changping,2014-12,2017-01,morning,night,3.1,1.8,1.3,40.0,31.0,31.0,30.0,28.0,38.0,-3.3,-2.86666666666667,15.0,22.0
"PM2.5, PM10, NO2, O3, TEMP -> WSPM","PM2.5, PM10, NO2, O3, TEMP",WSPM,299,330,2013-11-12,2013-12-10,Aotizhongxin,Aotizhongxin,2013-11,2013-12,night,morning,0.5,1.8,1.3,34.5,32.0,45.0,45.0,4.6053,8.1396,-0.5,0.2,25.0,25.0
"PM2.5, PM10, NO2, O3, TEMP -> WSPM","PM2.5, PM10, NO2, O3, TEMP",WSPM,332,1648,2013-12-10,2017-02-07,Changping,Changping,2013-12,2017-02,afternoon,afternoon,2.25,3.55,1.2999999999999998,45.5,35.0,19.0,18.0,44.5,54.0,3.2,4.05,17.0,13.0
"PM2.5, PM10, NO2, O3, TEMP -> WSPM","PM2.5, PM10, NO2, O3, TEMP",WSPM,1232,1248,2016-02-09,2016-02-23,Changping,Changping,2016-02,2016-02,afternoon,afternoon,2.1,3.4,1.2999999999999998,52.5,58.0,52.0,49.0,55.5,63.0,6.0,5.8,29.0,23.0
"PM2.5, PM10, NO2, O3, TEMP -> WSPM","PM2.5, PM10, NO2, O3, TEMP",WSPM,84,557,2013-05-07,2014-06-24,Changping,Changping,2013-05,2014-06,afternoon,evening,2.4,1.1,1.2999999999999998,90.5,83.0,26.0,34.5,118.0,121.5,28.25,27.9,48.0,50.5
"PM2.5, PM10, NO2, O3, TEMP -> WSPM","PM2.5, PM10, NO2, O3, TEMP",WSPM,1192,1226,2016-01-05,2016-02-02,Changping,Changping,2016-01,2016-02,afternoon,morning,4.0,2.7,1.2999999999999998,38.5,36.5,40.5,37.0,45.5,53.0,0.8500000000000001,-0.9,13.0,15.0
"PM2.5, PM10, NO2, O3, TEMP -> WSPM","PM2.5, PM10, NO2, O3, TEMP",WSPM,541,916,2014-06-10,2015-05-12,Changping,Aotizhongxin,2014-06,2015-05,evening,afternoon,1.2,2.45,1.2500000000000002,68.5,65.5,28.0,27.0,128.5,124.5,24.65,25.549999999999997,26.0,27.0
"PM2.5, PM10, NO2, O3, TEMP -> WSPM","PM2.5, PM10, NO2, O3, TEMP",WSPM,1226,1230,2016-02-02,2016-02-09,Changping,Aotizhongxin,2016-02,2016-02,morning,morning,2.7,1.45,1.2500000000000002,36.5,27.0,37.0,33.5,53.0,43.0,-0.9,0.65,15.0,16.0
"PM2.5, PM10, NO2, O3, TEMP -> WSPM","PM2.5, PM10, NO2, O3, TEMP",WSPM,352,760,2013-12-31,2014-12-23,Aotizhongxin,Changping,2013-12,2014-12,afternoon,afternoon,1.45,2.7,1.2500000000000002,100.0,98.0,33.5,32.0,38.0,43.0,6.7,6.8,32.0,29.0
"PM2.5, PM10, NO2, O3, TEMP -> WSPM","PM2.5, PM10, NO2, O3, TEMP",WSPM,1247,1624,2016-02-23,2017-01-17,Aotizhongxin,Changping,2016-02,2017-01,night,afternoon,1.5,2.75,1.25,28.5,36.5,27.5,20.5,51.0,43.5,-0.2,-0.575,15.0,14.0
"PM2.5, PM10, NO2, O3, TEMP -> WSPM","PM2.5, PM10, NO2, O3, TEMP",WSPM,1227,1624,2016-02-02,2017-01-17,Changping,Changping,2016-02,2017-01,night,afternoon,1.5,2.75,1.25,22.0,36.5,29.0,20.5,52.0,43.5,-2.3,-0.575,12.0,14.0
"PM2.5, PM10, NO2, O3, TEMP -> WSPM","PM2.5, PM10, NO2, O3, TEMP",WSPM,1352,1468,2016-05-24,2016-09-06,Changping,Aotizhongxin,2016-05,2016-09,afternoon,afternoon,3.25,2.0,1.25,30.0,21.0,20.0,20.0,112.0,102.0,29.1,30.1,15.0,14.0
"PM2.5, PM10, NO2, O3, TEMP -> WSPM","PM2.5, PM10, NO2, O3, TEMP",WSPM,232,587,2013-09-17,2014-07-22,Aotizhongxin,Aotizhongxin,2013-09,2014-07,afternoon,night,1.25,0.0,1.25,89.0,83.5,52.5,50.0,21.0,22.5,23.1,23.4,81.5,83.5
"PM2.5, PM10, NO2, O3, TEMP -> WSPM","PM2.5, PM10, NO2, O3, TEMP",WSPM,104,1013,2013-05-28,2015-08-04,Aotizhongxin,Aotizhongxin,2013-05,2015-08,afternoon,evening,2.6,1.35,1.25,94.0,108.0,46.5,46.5,138.0,139.5,29.4,28.0,59.0,55.0
"PM2.5, PM10, NO2, O3, TEMP -> WSPM","PM2.5, PM10, NO2, O3, TEMP",WSPM,758,1193,2014-12-16,2016-01-05,Changping,Changping,2014-12,2016-01,morning,evening,3.1,1.85,1.25,40.0,37.5,31.0,39.0,28.0,37.5,-3.3,-2.4,15.0,20.0
"PM2.5, PM10, NO2, O3, TEMP -> WSPM","PM2.5, PM10, NO2, O3, TEMP",WSPM,1239,1650,2016-02-16,2017-02-07,Aotizhongxin,Changping,2016-02,2017-02,night,morning,1.3,2.55,1.2499999999999998,39.0,35.0,29.0,26.0,50.0,40.5,-0.9,-1.15,18.0,15.5
"PM2.5, PM10, NO2, O3, TEMP -> WSPM","PM2.5, PM10, NO2, O3, TEMP",WSPM,512,1025,2014-05-20,2015-08-11,Aotizhongxin,Changping,2014-05,2015-08,afternoon,evening,2.8499999999999996,1.6,1.2499999999999996,99.0,100.0,27.5,25.5,149.5,142.0,31.05,29.85,62.5,56.0
"PM2.5, PM10, NO2, O3, TEMP -> WSPM","PM2.5, PM10, NO2, O3, TEMP",WSPM,1226,1227,2016-02-02,2016-02-02,Changping,Changping,2016-02,2016-02,morning,night,2.7,1.5,1.2000000000000002,36.5,22.0,37.0,29.0,53.0,52.0,-0.9,-2.3,15.0,12.0
"PM2.5, PM10, NO2, O3, TEMP -> WSPM","PM2.5, PM10, NO2, O3, TEMP",WSPM,325,386,2013-12-03,2014-01-28,Changping,Aotizhongxin,2013-12,2014-01,evening,morning,1.0,2.2,1.2000000000000002,67.5,78.0,54.0,53.5,13.0,7.0,3.0,1.15,59.0,62.0
"PM2.5, PM10, NO2, O3, TEMP -> WSPM","PM2.5, PM10, NO2, O3, TEMP",WSPM,1222,1226,2016-02-02,2016-02-02,Aotizhongxin,Changping,2016-02,2016-02,morning,morning,1.5,2.7,1.2000000000000002,27.0,36.5,32.5,37.0,49.5,53.0,-1.95,-0.9,16.0,15.0
"PM2.5, PM10, NO2, O3, TEMP -> WSPM","PM2.5, PM10, NO2, O3, TEMP",WSPM,327,386,2013-12-03,2014-01-28,Changping,Aotizhongxin,2013-12,2014-01,night,morning,1.0,2.2,1.2000000000000002,68.0,78.0,51.0,53.5,12.5,7.0,1.4,1.15,68.5,62.0
"PM2.5, PM10, NO2, O3, TEMP -> WSPM","PM2.5, PM10, NO2, O3, TEMP",WSPM,1226,1247,2016-02-02,2016-02-23,Changping,Aotizhongxin,2016-02,2016-02,morning,night,2.7,1.5,1.2000000000000002,36.5,28.5,37.0,27.5,53.0,51.0,-0.9,-0.2,15.0,15.0
"PM2.5, PM10, NO2, O3, TEMP -> WSPM","PM2.5, PM10, NO2, O3, TEMP",WSPM,637,904,2014-09-02,2015-04-28,Changping,Changping,2014-09,2015-04,evening,afternoon,1.4,2.6,1.2000000000000002,80.5,75.0,26.5,18.0,108.0,108.5,24.299999999999997,23.55,37.5,47.0
"PM2.5, PM10, NO2, O3, TEMP -> WSPM","PM2.5, PM10, NO2, O3, TEMP",WSPM,756,1624,2014-12-16,2017-01-17,Changping,Changping,2014-12,2017-01,afternoon,afternoon,3.95,2.75,1.2000000000000002,46.0,36.5,21.0,20.5,43.0,43.5,1.35,-0.575,15.0,14.0
"PM2.5, PM10, NO2, O3, TEMP -> WSPM","PM2.5, PM10, NO2, O3, TEMP",WSPM,1226,1246,2016-02-02,2016-02-23,Changping,Aotizhongxin,2016-02,2016-02,morning,morning,2.7,1.5,1.2000000000000002,36.5,28.0,37.0,34.0,53.0,43.0,-0.9,-1.05,15.0,18.5
"PM2.5, PM10, NO2, O3, TEMP -> WSPM","PM2.5, PM10, NO2, O3, TEMP",WSPM,1047,1085,2015-09-01,2015-10-06,Aotizhongxin,Aotizhongxin,2015-09,2015-10,night,evening,1.2,2.4,1.2,19.0,30.0,25.0,24.0,55.0,56.0,18.8,17.85,16.0,13.5
"PM2.5, PM10, NO2, O3, TEMP -> WSPM","PM2.5, PM10, NO2, O3, TEMP",WSPM,1239,1262,2016-02-16,2016-03-08,Aotizhongxin,Aotizhongxin,2016-02,2016-03,night,morning,1.3,2.5,1.2,39.0,36.5,29.0,21.0,50.0,59.5,-0.9,0.6000000000000001,18.0,15.0
"PM2.5, PM10, NO2, O3, TEMP -> WSPM","PM2.5, PM10, NO2, O3, TEMP",WSPM,759,799,2014-12-16,2015-01-27,Changping,Aotizhongxin,2014-12,2015-01,night,night,2.5,1.3,1.2,28.5,30.0,33.5,38.5,22.5,21.5,-4.300000000000001,-5.0,14.5,23.0
"PM2.5, PM10, NO2, O3, TEMP -> WSPM","PM2.5, PM10, NO2, O3, TEMP",WSPM,535,1085,2014-06-03,2015-10-06,Changping,Aotizhongxin,2014-06,2015-10,night,evening,1.2,2.4,1.2,42.5,30.0,28.0,24.0,60.0,56.0,18.9,17.85,21.0,13.5
"PM2.5, PM10, NO2, O3, TEMP -> WSPM","PM2.5, PM10, NO2, O3, TEMP",WSPM,953,1328,2015-06-09,2016-05-03,Changping,Changping,2015-06,2016-05,evening,afternoon,1.7,2.9,1.2,56.5,48.0,24.0,20.5,86.0,85.0,23.35,25.2,24.0,22.5
"PM2.5, PM10, NO2, O3, TEMP -> WSPM","PM2.5, PM10, NO2, O3, TEMP",WSPM,744,768,2014-12-09,2014-12-30,Aotizhongxin,Changping,2014-12,2014-12,afternoon,afternoon,2.9,1.7000000000000002,1.1999999999999997,88.0,74.0,27.5,30.0,39.0,46.5,3.4,4.0,29.5,27.5
"PM2.5, PM10, NO2, O3, TEMP -> WSPM","PM2.5, PM10, NO2, O3, TEMP",WSPM,1209,1218,2016-01-19,2016-01-26,Changping,Changping,2016-01,2016-01,evening,morning,2.6500000000000004,1.5,1.1500000000000004,68.5,57.0,47.5,50.0,36.5,30.0,-5.4,-5.7,24.5,27.0
"PM2.5, PM10, NO2, O3, TEMP -> WSPM","PM2.5, PM10, NO2, O3, TEMP",WSPM,836,1236,2015-03-03,2016-02-16,Aotizhongxin,Aotizhongxin,2015-03,2016-02,afternoon,afternoon,3.25,4.4,1.1500000000000004,41.5,35.0,18.0,8.0,84.5,84.0,5.5,6.4,23.0,17.0
"PM2.5, PM10, NO2, O3, TEMP -> WSPM","PM2.5, PM10, NO2, O3, TEMP",WSPM,916,1017,2015-05-12,2015-08-04,Aotizhongxin,Changping,2015-05,2015-08,afternoon,evening,2.45,1.3,1.1500000000000001,65.5,62.5,27.0,21.0,124.5,126.0,25.549999999999997,27.45,27.0,35.0
"PM2.5, PM10, NO2, O3, TEMP -> WSPM","PM2.5, PM10, NO2, O3, TEMP",WSPM,386,1539,2014-01-28,2016-11-01,Aotizhongxin,Changping,2014-01,2016-11,morning,night,2.2,1.05,1.1500000000000001,78.0,86.0,53.5,55.5,7.0,2.0,1.15,2.5,62.0,70.0
"PM2.5, PM10, NO2, O3, TEMP -> WSPM","PM2.5, PM10, NO2, O3, TEMP",WSPM,508,1025,2014-05-13,2015-08-11,Changping,Changping,2014-05,2015-08,afternoon,evening,2.75,1.6,1.15,104.5,100.0,22.0,25.5,132.0,142.0,28.2,29.85,48.5,56.0
"PM2.5, PM10, NO2, O3, TEMP -> WSPM","PM2.5, PM10, NO2, O3, TEMP",WSPM,48,1301,2013-04-09,2016-04-12,Aotizhongxin,Aotizhongxin,2013-04,2016-04,afternoon,evening,3.75,2.6,1.15,79.0,79.5,15.0,22.5,82.5193,81.5,16.549999999999997,16.85,21.5,21.5
"PM2.5, PM10, NO2, O3, TEMP -> WSPM","PM2.5, PM10, NO2, O3, TEMP",WSPM,1240,1264,2016-02-16,2016-03-08,Changping,Changping,2016-02,2016-03,afternoon,afternoon,4.75,3.6,1.15,39.0,41.0,37.0,41.0,64.0,61.0,6.8,7.6,13.0,13.0
"PM2.5, PM10, NO2, O3, TEMP -> WSPM","PM2.5, PM10, NO2, O3, TEMP",WSPM,908,1333,2015-05-05,2016-05-10,Aotizhongxin,Aotizhongxin,2015-05,2016-05,afternoon,evening,2.8499999999999996,1.7,1.1499999999999997,65.0,62.5,35.5,30.0,103.5,97.0,20.95,21.5,33.5,41.5
"PM2.5, PM10, NO2, O3, TEMP -> WSPM","PM2.5, PM10, NO2, O3, TEMP",WSPM,348,1616,2013-12-24,2017-01-10,Changping,Changping,2013-12,2017-01,afternoon,afternoon,3.8499999999999996,2.7,1.1499999999999995,63.0,58.5,29.0,38.0,50.0,44.0,1.25,2.0125,25.5,27.0
"PM2.5, PM10, NO2, O3, TEMP -> WSPM","PM2.5, PM10, NO2, O3, TEMP",WSPM,840,1236,2015-03-03,2016-02-16,Changping,Aotizhongxin,2015-03,2016-02,afternoon,afternoon,3.3,4.4,1.1000000000000005,44.0,35.0,14.0,8.0,80.0,84.0,6.2,6.4,13.0,17.0
"PM2.5, PM10, NO2, O3, TEMP -> WSPM","PM2.5, PM10, NO2, O3, TEMP",WSPM,940,1373,2015-06-02,2016-06-14,Aotizhongxin,Aotizhongxin,2015-06,2016-06,afternoon,evening,2.7,1.6,1.1,59.0,53.0,22.0,30.0,120.0,126.0,28.7,27.1,24.0,28.0
"PM2.5, PM10, NO2, O3, TEMP -> WSPM","PM2.5, PM10, NO2, O3, TEMP",WSPM,848,881,2015-03-10,2015-04-07,Changping,Changping,2015-03,2015-04,afternoon,evening,2.75,1.65,1.1,59.0,69.5,27.5,35.5,77.5,81.5,12.05,11.2,39.5,48.5
"PM2.5, PM10, NO2, O3, TEMP -> WSPM","PM2.5, PM10, NO2, O3, TEMP",WSPM,300,716,2013-11-12,2014-11-11,Changping,Changping,2013-11,2014-11,afternoon,afternoon,2.5,3.6,1.1,39.5,39.0,17.0,15.5,59.8689,56.0,10.2,10.9,14.0,12.5
"PM2.5, PM10, NO2, O3, TEMP -> WSPM","PM2.5, PM10, NO2, O3, TEMP",WSPM,289,312,2013-11-05,2013-11-26,Aotizhongxin,Aotizhongxin,2013-11,2013-11,evening,afternoon,3.0,1.9,1.1,66.0,55.5,16.0,20.0,40.4838,42.0,8.6,6.65,11.0,14.5
"PM2.5, PM10, NO2, O3, TEMP -> WSPM","PM2.5, PM10, NO2, O3, TEMP",WSPM,231,1082,2013-09-10,2015-09-29,Changping,Changping,2013-09,2015-09,night,morning,0.6,1.7,1.1,38.0,44.5,31.0,33.5,20.0,21.0,17.4,15.649999999999999,41.0,43.0
"PM2.5, PM10, NO2, O3, TEMP -> WSPM","PM2.5, PM10, NO2, O3, TEMP",WSPM,185,632,2013-08-06,2014-09-02,Aotizhongxin,Aotizhongxin,2013-08,2014-09,evening,afternoon,1.0,2.1,1.1,94.5,101.5,44.0,38.0,110.2636,108.5,28.1,28.8,48.5,50.0
"PM2.5, PM10, NO2, O3, TEMP -> WSPM","PM2.5, PM10, NO2, O3, TEMP",WSPM,1116,1560,2015-11-03,2016-11-22,Aotizhongxin,Changping,2015-11,2016-11,afternoon,afternoon,1.85,2.95,1.1,67.0,81.0,59.5,54.5,17.0,27.0,6.0,4.1,62.5,53.5
"PM2.5, PM10, NO2, O3, TEMP -> WSPM","PM2.5, PM10, NO2, O3, TEMP",WSPM,65,494,2013-04-23,2014-04-29,Aotizhongxin,Changping,2013-04,2014-04,evening,morning,1.0,2.1,1.1,97.0,85.0,57.0,55.0,65.5,61.0,15.7,17.4,30.5,36.0
"PM2.5, PM10, NO2, O3, TEMP -> WSPM","PM2.5, PM10, NO2, O3, TEMP",WSPM,351,758,2013-12-24,2014-12-16,Changping,Changping,2013-12,2014-12,night,morning,2.0,3.1,1.1,44.5,40.0,37.0,31.0,28.744300000000003,28.0,-4.35,-3.3,22.0,15.0
"PM2.5, PM10, NO2, O3, TEMP -> WSPM","PM2.5, PM10, NO2, O3, TEMP",WSPM,1024,1384,2015-08-11,2016-06-21,Changping,Changping,2015-08,2016-06,afternoon,afternoon,1.8,2.9,1.0999999999999999,73.0,69.0,14.0,18.0,180.0,179.0,33.6,32.8,44.5,37.0
"PM2.5, PM10, NO2, O3, TEMP -> WSPM","PM2.5, PM10, NO2, O3, TEMP",WSPM,68,939,2013-04-23,2015-05-26,Changping,Changping,2013-04,2015-05,afternoon,night,2.3,1.2,1.0999999999999999,105.5,114.5,29.5,27.0,104.0,99.0,22.1,22.5,65.0,72.0
"PM2.5, PM10, NO2, O3, TEMP -> WSPM","PM2.5, PM10, NO2, O3, TEMP",WSPM,1230,1650,2016-02-09,2017-02-07,Aotizhongxin,Changping,2016-02,2017-02,morning,morning,1.45,2.55,1.0999999999999999,27.0,35.0,33.5,26.0,43.0,40.5,0.65,-1.15,16.0,15.5
"PM2.5, PM10, NO2, O3, TEMP -> WSPM","PM2.5, PM10, NO2, O3, TEMP",WSPM,1085,1355,2015-10-06,2016-05-24,Aotizhongxin,Changping,2015-10,2016-05,evening,night,2.4,1.3,1.0999999999999999,30.0,20.5,24.0,30.5,56.0,48.0,17.85,17.9,13.5,14.0
"PM2.5, PM10, NO2, O3, TEMP -> WSPM","PM2.5, PM10, NO2, O3, TEMP",WSPM,292,1303,2013-11-05,2016-04-12,Changping,Aotizhongxin,2013-11,2016-04,afternoon,night,2.8,1.7,1.0999999999999999,62.0,75.0,34.5,28.0,36.414,43.0,13.45,12.0,30.5,27.0
"PM2.5, PM10, NO2, O3, TEMP -> WSPM","PM2.5, PM10, NO2, O3, TEMP",WSPM,292,1307,2013-11-05,2016-04-12,Changping,Changping,2013-11,2016-04,afternoon,night,2.8,1.7000000000000002,1.0999999999999996,62.0,51.5,34.5,29.5,36.414,29.0,13.45,12.0,30.5,27.5
"PM2.5, PM10, NO2, O3, TEMP -> WSPM","PM2.5, PM10, NO2, O3, TEMP",WSPM,1033,1052,2015-08-18,2015-09-08,Changping,Aotizhongxin,2015-08,2015-09,evening,afternoon,1.25,2.3499999999999996,1.0999999999999996,30.5,27.5,19.0,27.5,78.0,85.5,25.35,25.0,15.5,14.0
"PM2.5, PM10, NO2, O3, TEMP -> WSPM","PM2.5, PM10, NO2, O3, TEMP",WSPM,1324,1480,2016-05-03,2016-09-13,Aotizhongxin,Changping,2016-05,2016-09,afternoon,afternoon,2.95,1.9,1.0500000000000003,50.5,41.0,15.0,24.0,116.0,107.0,25.1,25.975,28.5,28.0
"PM2.5, PM10, NO2, O3, TEMP -> WSPM","PM2.5, PM10, NO2, O3, TEMP",WSPM,1216,1242,2016-01-26,2016-02-16,Changping,Changping,2016-01,2016-02,afternoon,morning,2.55,3.6,1.0500000000000003,46.5,55.0,50.5,57.0,48.5,43.0,0.65,0.9,24.0,22.0
"PM2.5, PM10, NO2, O3, TEMP -> WSPM","PM2.5, PM10, NO2, O3, TEMP",WSPM,829,1616,2015-02-24,2017-01-10,Aotizhongxin,Changping,2015-02,2017-01,evening,afternoon,1.65,2.7,1.0500000000000003,70.0,58.5,44.0,38.0,39.5,44.0,2.8,2.0125,35.0,27.0
"PM2.5, PM10, NO2, O3, TEMP -> WSPM","PM2.5, PM10, NO2, O3, TEMP",WSPM,869,881,2015-03-31,2015-04-07,Aotizhongxin,Changping,2015-03,2015-04,evening,evening,2.7,1.65,1.0500000000000003,63.85,69.5,36.0,35.5,79.5,81.5,10.6,11.2,40.0,48.5
"PM2.5, PM10, NO2, O3, TEMP -> WSPM","PM2.5, PM10, NO2, O3, TEMP",WSPM,364,756,2014-01-07,2014-12-16,Changping,Changping,2014-01,2014-12,afternoon,afternoon,2.9,3.95,1.0500000000000003,31.0,46.0,29.0,21.0,46.5,43.0,2.3499999999999996,1.35,20.0,15.0
"PM2.5, PM10, NO2, O3, TEMP -> WSPM","PM2.5, PM10, NO2, O3, TEMP",WSPM,386,1135,2014-01-28,2015-11-17,Aotizhongxin,Aotizhongxin,2014-01,2015-11,morning,night,2.2,1.15,1.0500000000000003,78.0,69.5,53.5,58.0,7.0,4.0,1.15,1.05,62.0,56.5
"PM2.5, PM10, NO2, O3, TEMP -> WSPM","PM2.5, PM10, NO2, O3, TEMP",WSPM,575,1056,2014-07-08,2015-09-08,Changping,Changping,2014-07,2015-09,night,afternoon,1.15,2.2,1.0500000000000003,29.0,18.0,28.0,25.0,61.5,68.0,24.95,24.9,16.0,12.0
"PM2.5, PM10, NO2, O3, TEMP -> WSPM","PM2.5, PM10, NO2, O3, TEMP",WSPM,53,872,2013-04-09,2015-03-31,Changping,Changping,2013-04,2015-03,evening,afternoon,1.45,2.5,1.05,55.5,51.0,28.5,23.0,85.7329,88.0,11.95,13.9,24.0,34.0
"PM2.5, PM10, NO2, O3, TEMP -> WSPM","PM2.5, PM10, NO2, O3, TEMP",WSPM,396,1223,2014-02-04,2016-02-02,Changping,Aotizhongxin,2014-02,2016-02,afternoon,night,2.35,1.3,1.05,25.5,24.0,32.0,27.0,58.5,51.0,-0.8,-2.1500000000000004,25.5,16.5
"PM2.5, PM10, NO2, O3, TEMP -> WSPM","PM2.5, PM10, NO2, O3, TEMP",WSPM,396,1239,2014-02-04,2016-02-16,Changping,Aotizhongxin,2014-02,2016-02,afternoon,night,2.35,1.3,1.05,25.5,39.0,32.0,29.0,58.5,50.0,-0.8,-0.9,25.5,18.0
"PM2.5, PM10, NO2, O3, TEMP -> WSPM","PM2.5, PM10, NO2, O3, TEMP",WSPM,699,863,2014-10-28,2015-03-24,Aotizhongxin,Aotizhongxin,2014-10,2015-03,night,night,0.30000000000000004,1.35,1.05,149.0,154.0,85.5,93.5,2.0,12.0,8.6,10.5,101.5,96.0
"PM2.5, PM10, NO2, O3, TEMP -> WSPM","PM2.5, PM10, NO2, O3, TEMP",WSPM,440,472,2014-03-18,2014-04-15,Aotizhongxin,Aotizhongxin,2014-03,2014-04,afternoon,afternoon,2.75,1.7,1.05,111.5,101.0,41.5,48.5,87.0,82.0,18.700000000000003,20.1,60.5,62.5
"PM2.5, PM10, NO2, O3, TEMP -> WSPM","PM2.5, PM10, NO2, O3, TEMP",WSPM,317,718,2013-11-26,2014-11-11,Changping,Changping,2013-11,2014-11,evening,morning,1.75,2.8,1.0499999999999998,60.0,49.5,34.0,28.0,32.0,36.0,3.95,5.85,25.5,18.0
"PM2.5, PM10, NO2, O3, TEMP -> WSPM","PM2.5, PM10, NO2, O3, TEMP",WSPM,1307,1528,2016-04-12,2016-10-25,Changping,Changping,2016-04,2016-10,night,afternoon,1.7000000000000002,2.75,1.0499999999999998,51.5,48.0,29.5,28.5,29.0,25.0,12.0,10.350000000000001,27.5,23.0
"PM2.5, PM10, NO2, O3, TEMP -> WSPM","PM2.5, PM10, NO2, O3, TEMP",WSPM,1245,1648,2016-02-23,2017-02-07,Aotizhongxin,Changping,2016-02,2017-02,evening,afternoon,2.5,3.55,1.0499999999999998,50.0,35.0,25.5,18.0,62.0,54.0,3.2,4.05,18.5,13.0
"PM2.5, PM10, NO2, O3, TEMP -> WSPM","PM2.5, PM10, NO2, O3, TEMP",WSPM,292,1306,2013-11-05,2016-04-12,Changping,Changping,2013-11,2016-04,afternoon,morning,2.8,1.75,1.0499999999999998,62.0,73.5,34.5,36.5,36.414,46.0,13.45,13.75,30.5,31.5
"PM2.5, PM10, NO2, O3, TEMP -> WSPM","PM2.5, PM10, NO2, O3, TEMP",WSPM,439,764,2014-03-11,2014-12-30,Changping,Aotizhongxin,2014-03,2014-12,night,afternoon,1.35,2.4,1.0499999999999998,123.0,118.0,58.0,52.0,13.0,21.0,5.4,4.0,44.5,51.0
"PM2.5, PM10, NO2, O3, TEMP -> WSPM","PM2.5, PM10, NO2, O3, TEMP",WSPM,364,1241,2014-01-07,2016-02-16,Changping,Changping,2014-01,2016-02,afternoon,evening,2.9,1.85,1.0499999999999998,31.0,42.5,29.0,29.0,46.5,55.0,2.3499999999999996,2.6500000000000004,20.0,23.0
"PM2.5, PM10, NO2, O3, TEMP -> WSPM","PM2.5, PM10, NO2, O3, TEMP",WSPM,1222,1650,2016-02-02,2017-02-07,Aotizhongxin,Changping,2016-02,2017-02,morning,morning,1.5,2.55,1.0499999999999998,27.0,35.0,32.5,26.0,49.5,40.5,-1.95,-1.15,16.0,15.5
"PM2.5, PM10, NO2, O3, TEMP -> WSPM","PM2.5, PM10, NO2, O3, TEMP",WSPM,1246,1650,2016-02-23,2017-02-07,Aotizhongxin,Changping,2016-02,2017-02,morning,morning,1.5,2.55,1.0499999999999998,28.0,35.0,34.0,26.0,43.0,40.5,-1.05,-1.15,18.5,15.5
"PM2.5, PM10, NO2, O3, TEMP -> WSPM","PM2.5, PM10, NO2, O3, TEMP",WSPM,57,685,2013-04-16,2014-10-14,Aotizhongxin,Changping,2013-04,2014-10,evening,evening,2.2,1.2,1.0000000000000002,113.0,111.5,59.0,67.0,50.0,49.5,11.45,13.35,57.5,48.0
"PM2.5, PM10, NO2, O3, TEMP -> WSPM","PM2.5, PM10, NO2, O3, TEMP",WSPM,1238,1641,2016-02-16,2017-01-31,Aotizhongxin,Changping,2016-02,2017-01,morning,evening,2.2,1.2,1.0000000000000002,36.0,42.0,41.0,42.5,41.0,45.5,1.3,1.4500000000000002,18.0,28.0
"PM2.5, PM10, NO2, O3, TEMP -> WSPM","PM2.5, PM10, NO2, O3, TEMP",WSPM,833,1616,2015-02-24,2017-01-10,Changping,Changping,2015-02,2017-01,evening,afternoon,1.7,2.7,1.0000000000000002,62.0,58.5,40.0,38.0,49.0,44.0,3.0,2.0125,35.0,27.0
"PM2.5, PM10, NO2, O3, TEMP -> WSPM","PM2.5, PM10, NO2, O3, TEMP",WSPM,3,1226,2013-02-26,2016-02-02,Aotizhongxin,Changping,2013-02,2016-02,night,morning,1.7,2.7,1.0000000000000002,24.0,36.5,43.0,37.0,44.0,53.0,-1.4,-0.9,13.0,15.0
