rule_label,lhs,rhs,row_index_1,row_index_2,datetime_1,datetime_2,station_1,station_2,month_1,month_2,time_slot_1,time_slot_2,rhs_value_1,rhs_value_2,rhs_abs_diff,PM2.5_1,PM2.5_2,NO2_1,NO2_2
"station, time_slot, PM2.5 -> PM10","station, time_slot, PM2.5",PM10,4096,5386,2013-12-03 02:00:00,2013-12-31 04:00:00,Aotizhongxin,Aotizhongxin,2013-12,2013-12,night,night,183.0,655.0,472.0,167.0,159.0,,
"station, time_slot, PM2.5 -> PM10","station, time_slot, PM2.5",PM10,4142,5386,2013-12-04 02:00:00,2013-12-31 04:00:00,Aotizhongxin,Aotizhongxin,2013-12,2013-12,night,night,190.0,655.0,465.0,149.0,159.0,,
"station, time_slot, PM2.5 -> PM10","station, time_slot, PM2.5",PM10,1834,5386,2013-10-10 03:00:00,2013-12-31 04:00:00,Aotizhongxin,Aotizhongxin,2013-10,2013-12,night,night,191.0,655.0,464.0,162.0,159.0,,
"station, time_slot, PM2.5 -> PM10","station, time_slot, PM2.5",PM10,2793,5386,2013-10-31 00:00:00,2013-12-31 04:00:00,Aotizhongxin,Aotizhongxin,2013-10,2013-12,night,night,210.0,655.0,445.0,155.0,159.0,,
"station, time_slot, PM2.5 -> PM10","station, time_slot, PM2.5",PM10,3342,5386,2013-11-16 01:00:00,2013-12-31 04:00:00,Aotizhongxin,Aotizhongxin,2013-11,2013-12,night,night,255.0,655.0,400.0,159.0,159.0,,
"station, time_slot, PM2.5 -> PM10","station, time_slot, PM2.5",PM10,2036,5398,2013-10-14 08:00:00,2013-12-31 10:00:00,Aotizhongxin,Aotizhongxin,2013-10,2013-12,morning,morning,13.0,370.0,357.0,39.0,45.0,,
"station, time_slot, PM2.5 -> PM10","station, time_slot, PM2.5",PM10,2036,5400,2013-10-14 08:00:00,2013-12-31 11:00:00,Aotizhongxin,Aotizhongxin,2013-10,2013-12,morning,morning,13.0,366.0,353.0,39.0,42.0,,
"station, time_slot, PM2.5 -> PM10","station, time_slot, PM2.5",PM10,4682,5398,2013-12-16 10:00:00,2013-12-31 10:00:00,Aotizhongxin,Aotizhongxin,2013-12,2013-12,morning,morning,35.0,370.0,335.0,50.0,45.0,,
"station, time_slot, PM2.5 -> PM10","station, time_slot, PM2.5",PM10,4682,5400,2013-12-16 10:00:00,2013-12-31 11:00:00,Aotizhongxin,Aotizhongxin,2013-12,2013-12,morning,morning,35.0,366.0,331.0,50.0,42.0,,
"station, time_slot, PM2.5 -> PM10","station, time_slot, PM2.5",PM10,3673,5398,2013-11-24 06:00:00,2013-12-31 10:00:00,Aotizhongxin,Aotizhongxin,2013-11,2013-12,morning,morning,39.0,370.0,331.0,43.0,45.0,,
"station, time_slot, PM2.5 -> PM10","station, time_slot, PM2.5",PM10,2759,5398,2013-10-30 07:00:00,2013-12-31 10:00:00,Aotizhongxin,Aotizhongxin,2013-10,2013-12,morning,morning,41.0,370.0,329.0,38.0,45.0,,
"station, time_slot, PM2.5 -> PM10","station, time_slot, PM2.5",PM10,3673,5400,2013-11-24 06:00:00,2013-12-31 11:00:00,Aotizhongxin,Aotizhongxin,2013-11,2013-12,morning,morning,39.0,366.0,327.0,43.0,42.0,,
"station, time_slot, PM2.5 -> PM10","station, time_slot, PM2.5",PM10,2759,5400,2013-10-30 07:00:00,2013-12-31 11:00:00,Aotizhongxin,Aotizhongxin,2013-10,2013-12,morning,morning,41.0,366.0,325.0,38.0,42.0,,
"station, time_slot, PM2.5 -> PM10","station, time_slot, PM2.5",PM10,583,5398,2013-09-13 09:00:00,2013-12-31 10:00:00,Aotizhongxin,Aotizhongxin,2013-09,2013-12,morning,morning,46.0,370.0,324.0,44.0,45.0,,
"station, time_slot, PM2.5 -> PM10","station, time_slot, PM2.5",PM10,2535,5398,2013-10-25 10:00:00,2013-12-31 10:00:00,Aotizhongxin,Aotizhongxin,2013-10,2013-12,morning,morning,48.0,370.0,322.0,39.0,45.0,,
"station, time_slot, PM2.5 -> PM10","station, time_slot, PM2.5",PM10,4571,5398,2013-12-13 11:00:00,2013-12-31 10:00:00,Aotizhongxin,Aotizhongxin,2013-12,2013-12,morning,morning,48.0,370.0,322.0,38.0,45.0,,
"station, time_slot, PM2.5 -> PM10","station, time_slot, PM2.5",PM10,255,5398,2013-09-06 09:00:00,2013-12-31 10:00:00,Aotizhongxin,Aotizhongxin,2013-09,2013-12,morning,morning,50.0,370.0,320.0,45.0,45.0,,
"station, time_slot, PM2.5 -> PM10","station, time_slot, PM2.5",PM10,583,5400,2013-09-13 09:00:00,2013-12-31 11:00:00,Aotizhongxin,Aotizhongxin,2013-09,2013-12,morning,morning,46.0,366.0,320.0,44.0,42.0,,
"station, time_slot, PM2.5 -> PM10","station, time_slot, PM2.5",PM10,2535,5400,2013-10-25 10:00:00,2013-12-31 11:00:00,Aotizhongxin,Aotizhongxin,2013-10,2013-12,morning,morning,48.0,366.0,318.0,39.0,42.0,,
"station, time_slot, PM2.5 -> PM10","station, time_slot, PM2.5",PM10,4571,5400,2013-12-13 11:00:00,2013-12-31 11:00:00,Aotizhongxin,Aotizhongxin,2013-12,2013-12,morning,morning,48.0,366.0,318.0,38.0,42.0,,
"station, time_slot, PM2.5 -> PM10","station, time_slot, PM2.5",PM10,255,5400,2013-09-06 09:00:00,2013-12-31 11:00:00,Aotizhongxin,Aotizhongxin,2013-09,2013-12,morning,morning,50.0,366.0,316.0,45.0,42.0,,
"station, time_slot, PM2.5 -> PM10","station, time_slot, PM2.5",PM10,4105,5398,2013-12-03 07:00:00,2013-12-31 10:00:00,Aotizhongxin,Aotizhongxin,2013-12,2013-12,morning,morning,57.0,370.0,313.0,43.0,45.0,,
"station, time_slot, PM2.5 -> PM10","station, time_slot, PM2.5",PM10,2533,5398,2013-10-25 09:00:00,2013-12-31 10:00:00,Aotizhongxin,Aotizhongxin,2013-10,2013-12,morning,morning,59.0,370.0,311.0,41.0,45.0,,
"station, time_slot, PM2.5 -> PM10","station, time_slot, PM2.5",PM10,4968,5398,2013-12-22 10:00:00,2013-12-31 10:00:00,Aotizhongxin,Aotizhongxin,2013-12,2013-12,morning,morning,60.0,370.0,310.0,38.0,45.0,,
"station, time_slot, PM2.5 -> PM10","station, time_slot, PM2.5",PM10,4105,5400,2013-12-03 07:00:00,2013-12-31 11:00:00,Aotizhongxin,Aotizhongxin,2013-12,2013-12,morning,morning,57.0,366.0,309.0,43.0,42.0,,
"station, time_slot, PM2.5 -> PM10","station, time_slot, PM2.5",PM10,4108,5400,2013-12-03 09:00:00,2013-12-31 11:00:00,Aotizhongxin,Aotizhongxin,2013-12,2013-12,morning,morning,58.0,366.0,308.0,33.0,42.0,,
"station, time_slot, PM2.5 -> PM10","station, time_slot, PM2.5",PM10,2533,5400,2013-10-25 09:00:00,2013-12-31 11:00:00,Aotizhongxin,Aotizhongxin,2013-10,2013-12,morning,morning,59.0,366.0,307.0,41.0,42.0,,
"station, time_slot, PM2.5 -> PM10","station, time_slot, PM2.5",PM10,4103,5398,2013-12-03 06:00:00,2013-12-31 10:00:00,Aotizhongxin,Aotizhongxin,2013-12,2013-12,morning,morning,64.0,370.0,306.0,50.0,45.0,,
"station, time_slot, PM2.5 -> PM10","station, time_slot, PM2.5",PM10,4968,5400,2013-12-22 10:00:00,2013-12-31 11:00:00,Aotizhongxin,Aotizhongxin,2013-12,2013-12,morning,morning,60.0,366.0,306.0,38.0,42.0,,
"station, time_slot, PM2.5 -> PM10","station, time_slot, PM2.5",PM10,4103,5400,2013-12-03 06:00:00,2013-12-31 11:00:00,Aotizhongxin,Aotizhongxin,2013-12,2013-12,morning,morning,64.0,366.0,302.0,50.0,42.0,,
"station, time_slot, PM2.5 -> PM10","station, time_slot, PM2.5",PM10,3922,5398,2013-11-29 11:00:00,2013-12-31 10:00:00,Aotizhongxin,Aotizhongxin,2013-11,2013-12,morning,morning,69.0,370.0,301.0,43.0,45.0,,
"station, time_slot, PM2.5 -> PM10","station, time_slot, PM2.5",PM10,349,5398,2013-09-08 08:00:00,2013-12-31 10:00:00,Aotizhongxin,Aotizhongxin,2013-09,2013-12,morning,morning,72.0,370.0,298.0,35.0,45.0,,
"station, time_slot, PM2.5 -> PM10","station, time_slot, PM2.5",PM10,3922,5400,2013-11-29 11:00:00,2013-12-31 11:00:00,Aotizhongxin,Aotizhongxin,2013-11,2013-12,morning,morning,69.0,366.0,297.0,43.0,42.0,,
"station, time_slot, PM2.5 -> PM10","station, time_slot, PM2.5",PM10,2138,5398,2013-10-16 11:00:00,2013-12-31 10:00:00,Aotizhongxin,Aotizhongxin,2013-10,2013-12,morning,morning,75.0,370.0,295.0,39.0,45.0,,
"station, time_slot, PM2.5 -> PM10","station, time_slot, PM2.5",PM10,349,5400,2013-09-08 08:00:00,2013-12-31 11:00:00,Aotizhongxin,Aotizhongxin,2013-09,2013-12,morning,morning,72.0,366.0,294.0,35.0,42.0,,
"station, time_slot, PM2.5 -> PM10","station, time_slot, PM2.5",PM10,2132,5398,2013-10-16 08:00:00,2013-12-31 10:00:00,Aotizhongxin,Aotizhongxin,2013-10,2013-12,morning,morning,77.0,370.0,293.0,41.0,45.0,,
"station, time_slot, PM2.5 -> PM10","station, time_slot, PM2.5",PM10,2138,5400,2013-10-16 11:00:00,2013-12-31 11:00:00,Aotizhongxin,Aotizhongxin,2013-10,2013-12,morning,morning,75.0,366.0,291.0,39.0,42.0,,
"station, time_slot, PM2.5 -> PM10","station, time_slot, PM2.5",PM10,1510,5398,2013-10-03 09:00:00,2013-12-31 10:00:00,Aotizhongxin,Aotizhongxin,2013-10,2013-12,morning,morning,81.0,370.0,289.0,37.0,45.0,,
"station, time_slot, PM2.5 -> PM10","station, time_slot, PM2.5",PM10,2132,5400,2013-10-16 08:00:00,2013-12-31 11:00:00,Aotizhongxin,Aotizhongxin,2013-10,2013-12,morning,morning,77.0,366.0,289.0,41.0,42.0,,
"station, time_slot, PM2.5 -> PM10","station, time_slot, PM2.5",PM10,1510,5400,2013-10-03 09:00:00,2013-12-31 11:00:00,Aotizhongxin,Aotizhongxin,2013-10,2013-12,morning,morning,81.0,366.0,285.0,37.0,42.0,,
"station, time_slot, PM2.5 -> PM10","station, time_slot, PM2.5",PM10,943,5400,2013-09-21 10:00:00,2013-12-31 11:00:00,Aotizhongxin,Aotizhongxin,2013-09,2013-12,morning,morning,86.0,366.0,280.0,34.0,42.0,,
"station, time_slot, PM2.5 -> PM10","station, time_slot, PM2.5",PM10,3227,5398,2013-11-12 10:00:00,2013-12-31 10:00:00,Aotizhongxin,Aotizhongxin,2013-11,2013-12,morning,morning,91.0,370.0,279.0,55.0,45.0,,
"station, time_slot, PM2.5 -> PM10","station, time_slot, PM2.5",PM10,5298,5398,2013-12-29 08:00:00,2013-12-31 10:00:00,Aotizhongxin,Aotizhongxin,2013-12,2013-12,morning,morning,98.0,370.0,272.0,37.0,45.0,,
"station, time_slot, PM2.5 -> PM10","station, time_slot, PM2.5",PM10,5298,5400,2013-12-29 08:00:00,2013-12-31 11:00:00,Aotizhongxin,Aotizhongxin,2013-12,2013-12,morning,morning,98.0,366.0,268.0,37.0,42.0,,
"station, time_slot, PM2.5 -> PM10","station, time_slot, PM2.5",PM10,353,5398,2013-09-08 10:00:00,2013-12-31 10:00:00,Aotizhongxin,Aotizhongxin,2013-09,2013-12,morning,morning,109.0,370.0,261.0,55.0,45.0,,
"station, time_slot, PM2.5 -> PM10","station, time_slot, PM2.5",PM10,723,5398,2013-09-16 09:00:00,2013-12-31 10:00:00,Aotizhongxin,Aotizhongxin,2013-09,2013-12,morning,morning,114.0,370.0,256.0,54.0,45.0,,
"station, time_slot, PM2.5 -> PM10","station, time_slot, PM2.5",PM10,446,5401,2013-09-10 09:00:00,2013-12-31 11:00:00,Changping,Changping,2013-09,2013-12,morning,morning,33.0,286.0,253.0,33.0,41.0,,
"station, time_slot, PM2.5 -> PM10","station, time_slot, PM2.5",PM10,3349,5398,2013-11-16 06:00:00,2013-12-31 10:00:00,Aotizhongxin,Aotizhongxin,2013-11,2013-12,morning,morning,118.0,370.0,252.0,42.0,45.0,,
"station, time_slot, PM2.5 -> PM10","station, time_slot, PM2.5",PM10,580,5399,2013-09-13 07:00:00,2013-12-31 10:00:00,Changping,Changping,2013-09,2013-12,morning,morning,47.0,298.0,251.0,41.0,51.0,,
"station, time_slot, PM2.5 -> PM10","station, time_slot, PM2.5",PM10,62,5401,2013-09-02 07:00:00,2013-12-31 11:00:00,Changping,Changping,2013-09,2013-12,morning,morning,35.0,286.0,251.0,31.0,41.0,,
"station, time_slot, PM2.5 -> PM10","station, time_slot, PM2.5",PM10,306,5399,2013-09-07 10:00:00,2013-12-31 10:00:00,Changping,Changping,2013-09,2013-12,morning,morning,48.0,298.0,250.0,45.0,51.0,,
"station, time_slot, PM2.5 -> PM10","station, time_slot, PM2.5",PM10,2275,5401,2013-10-19 07:00:00,2013-12-31 11:00:00,Changping,Changping,2013-10,2013-12,morning,morning,36.0,286.0,250.0,36.0,41.0,,
"station, time_slot, PM2.5 -> PM10","station, time_slot, PM2.5",PM10,250,5399,2013-09-06 06:00:00,2013-12-31 10:00:00,Changping,Changping,2013-09,2013-12,morning,morning,49.0,298.0,249.0,47.0,51.0,,
"station, time_slot, PM2.5 -> PM10","station, time_slot, PM2.5",PM10,3349,5400,2013-11-16 06:00:00,2013-12-31 11:00:00,Aotizhongxin,Aotizhongxin,2013-11,2013-12,morning,morning,118.0,366.0,248.0,42.0,42.0,,
"station, time_slot, PM2.5 -> PM10","station, time_slot, PM2.5",PM10,3223,5399,2013-11-12 06:00:00,2013-12-31 10:00:00,Changping,Changping,2013-11,2013-12,morning,morning,50.0,298.0,248.0,49.0,51.0,,
"station, time_slot, PM2.5 -> PM10","station, time_slot, PM2.5",PM10,1753,5399,2013-10-08 10:00:00,2013-12-31 10:00:00,Changping,Changping,2013-10,2013-12,morning,morning,54.0,298.0,244.0,41.0,51.0,,
"station, time_slot, PM2.5 -> PM10","station, time_slot, PM2.5",PM10,162,5399,2013-09-04 09:00:00,2013-12-31 10:00:00,Changping,Changping,2013-09,2013-12,morning,morning,54.0,298.0,244.0,50.0,51.0,,
"station, time_slot, PM2.5 -> PM10","station, time_slot, PM2.5",PM10,3518,5401,2013-11-20 07:00:00,2013-12-31 11:00:00,Changping,Changping,2013-11,2013-12,morning,morning,43.0,286.0,243.0,36.0,41.0,,
"station, time_slot, PM2.5 -> PM10","station, time_slot, PM2.5",PM10,66,5401,2013-09-02 09:00:00,2013-12-31 11:00:00,Changping,Changping,2013-09,2013-12,morning,morning,45.0,286.0,241.0,39.0,41.0,,
"station, time_slot, PM2.5 -> PM10","station, time_slot, PM2.5",PM10,3921,5399,2013-11-29 10:00:00,2013-12-31 10:00:00,Changping,Changping,2013-11,2013-12,morning,morning,57.0,298.0,241.0,41.0,51.0,,
"station, time_slot, PM2.5 -> PM10","station, time_slot, PM2.5",PM10,4159,5399,2013-12-04 10:00:00,2013-12-31 10:00:00,Changping,Changping,2013-12,2013-12,morning,morning,58.0,298.0,240.0,46.0,51.0,,
"station, time_slot, PM2.5 -> PM10","station, time_slot, PM2.5",PM10,4247,5401,2013-12-06 06:00:00,2013-12-31 11:00:00,Changping,Changping,2013-12,2013-12,morning,morning,47.0,286.0,239.0,38.0,41.0,,
"station, time_slot, PM2.5 -> PM10","station, time_slot, PM2.5",PM10,580,5401,2013-09-13 07:00:00,2013-12-31 11:00:00,Changping,Changping,2013-09,2013-12,morning,morning,47.0,286.0,239.0,41.0,41.0,,
"station, time_slot, PM2.5 -> PM10","station, time_slot, PM2.5",PM10,624,5399,2013-09-14 07:00:00,2013-12-31 10:00:00,Changping,Changping,2013-09,2013-12,morning,morning,59.0,298.0,239.0,43.0,51.0,,
"station, time_slot, PM2.5 -> PM10","station, time_slot, PM2.5",PM10,2273,5399,2013-10-19 06:00:00,2013-12-31 10:00:00,Changping,Changping,2013-10,2013-12,morning,morning,59.0,298.0,239.0,59.0,51.0,,
"station, time_slot, PM2.5 -> PM10","station, time_slot, PM2.5",PM10,60,5399,2013-09-02 06:00:00,2013-12-31 10:00:00,Changping,Changping,2013-09,2013-12,morning,morning,60.0,298.0,238.0,45.0,51.0,,
"station, time_slot, PM2.5 -> PM10","station, time_slot, PM2.5",PM10,306,5401,2013-09-07 10:00:00,2013-12-31 11:00:00,Changping,Changping,2013-09,2013-12,morning,morning,48.0,286.0,238.0,45.0,41.0,,
"station, time_slot, PM2.5 -> PM10","station, time_slot, PM2.5",PM10,3517,5401,2013-11-20 06:00:00,2013-12-31 11:00:00,Changping,Changping,2013-11,2013-12,morning,morning,48.0,286.0,238.0,36.0,41.0,,
"station, time_slot, PM2.5 -> PM10","station, time_slot, PM2.5",PM10,250,5401,2013-09-06 06:00:00,2013-12-31 11:00:00,Changping,Changping,2013-09,2013-12,morning,morning,49.0,286.0,237.0,47.0,41.0,,
"station, time_slot, PM2.5 -> PM10","station, time_slot, PM2.5",PM10,2036,5396,2013-10-14 08:00:00,2013-12-31 09:00:00,Aotizhongxin,Aotizhongxin,2013-10,2013-12,morning,morning,13.0,250.0,237.0,39.0,46.0,,
"station, time_slot, PM2.5 -> PM10","station, time_slot, PM2.5",PM10,2972,5399,2013-11-05 06:00:00,2013-12-31 10:00:00,Changping,Changping,2013-11,2013-12,morning,morning,61.0,298.0,237.0,54.0,51.0,,
"station, time_slot, PM2.5 -> PM10","station, time_slot, PM2.5",PM10,3223,5401,2013-11-12 06:00:00,2013-12-31 11:00:00,Changping,Changping,2013-11,2013-12,morning,morning,50.0,286.0,236.0,49.0,41.0,,
"station, time_slot, PM2.5 -> PM10","station, time_slot, PM2.5",PM10,395,5401,2013-09-09 07:00:00,2013-12-31 11:00:00,Changping,Changping,2013-09,2013-12,morning,morning,51.0,286.0,235.0,39.0,41.0,,
"station, time_slot, PM2.5 -> PM10","station, time_slot, PM2.5",PM10,1753,5401,2013-10-08 10:00:00,2013-12-31 11:00:00,Changping,Changping,2013-10,2013-12,morning,morning,54.0,286.0,232.0,41.0,41.0,,
"station, time_slot, PM2.5 -> PM10","station, time_slot, PM2.5",PM10,4961,5399,2013-12-22 06:00:00,2013-12-31 10:00:00,Changping,Changping,2013-12,2013-12,morning,morning,66.0,298.0,232.0,59.0,51.0,,
"station, time_slot, PM2.5 -> PM10","station, time_slot, PM2.5",PM10,162,5401,2013-09-04 09:00:00,2013-12-31 11:00:00,Changping,Changping,2013-09,2013-12,morning,morning,54.0,286.0,232.0,50.0,41.0,,
"station, time_slot, PM2.5 -> PM10","station, time_slot, PM2.5",PM10,348,5399,2013-09-08 07:00:00,2013-12-31 10:00:00,Changping,Changping,2013-09,2013-12,morning,morning,68.0,298.0,230.0,47.0,51.0,,
"station, time_slot, PM2.5 -> PM10","station, time_slot, PM2.5",PM10,4416,5133,2013-12-09 23:00:00,2013-12-25 20:00:00,Changping,Changping,2013-12,2013-12,evening,evening,10.0,240.0,230.0,17.0,24.0,,
"station, time_slot, PM2.5 -> PM10","station, time_slot, PM2.5",PM10,3921,5401,2013-11-29 10:00:00,2013-12-31 11:00:00,Changping,Changping,2013-11,2013-12,morning,morning,57.0,286.0,229.0,41.0,41.0,,
"station, time_slot, PM2.5 -> PM10","station, time_slot, PM2.5",PM10,568,5388,2013-09-13 01:00:00,2013-12-31 05:00:00,Aotizhongxin,Aotizhongxin,2013-09,2013-12,night,night,51.0,279.0,228.0,90.0,100.0,,
"station, time_slot, PM2.5 -> PM10","station, time_slot, PM2.5",PM10,4159,5401,2013-12-04 10:00:00,2013-12-31 11:00:00,Changping,Changping,2013-12,2013-12,morning,morning,58.0,286.0,228.0,46.0,41.0,,
"station, time_slot, PM2.5 -> PM10","station, time_slot, PM2.5",PM10,4430,5401,2013-12-10 08:00:00,2013-12-31 11:00:00,Changping,Changping,2013-12,2013-12,morning,morning,59.0,286.0,227.0,40.0,41.0,,
"station, time_slot, PM2.5 -> PM10","station, time_slot, PM2.5",PM10,624,5401,2013-09-14 07:00:00,2013-12-31 11:00:00,Changping,Changping,2013-09,2013-12,morning,morning,59.0,286.0,227.0,43.0,41.0,,
"station, time_slot, PM2.5 -> PM10","station, time_slot, PM2.5",PM10,60,5401,2013-09-02 06:00:00,2013-12-31 11:00:00,Changping,Changping,2013-09,2013-12,morning,morning,60.0,286.0,226.0,45.0,41.0,,
"station, time_slot, PM2.5 -> PM10","station, time_slot, PM2.5",PM10,2532,5401,2013-10-25 08:00:00,2013-12-31 11:00:00,Changping,Changping,2013-10,2013-12,morning,morning,60.0,286.0,226.0,39.0,41.0,,
"station, time_slot, PM2.5 -> PM10","station, time_slot, PM2.5",PM10,1222,5399,2013-09-27 06:00:00,2013-12-31 10:00:00,Changping,Changping,2013-09,2013-12,morning,morning,73.0,298.0,225.0,60.0,51.0,,
"station, time_slot, PM2.5 -> PM10","station, time_slot, PM2.5",PM10,2036,5394,2013-10-14 08:00:00,2013-12-31 08:00:00,Aotizhongxin,Aotizhongxin,2013-10,2013-12,morning,morning,13.0,237.0,224.0,39.0,49.0,,
"station, time_slot, PM2.5 -> PM10","station, time_slot, PM2.5",PM10,66,5395,2013-09-02 09:00:00,2013-12-31 08:00:00,Changping,Changping,2013-09,2013-12,morning,morning,45.0,268.0,223.0,39.0,49.0,,
"station, time_slot, PM2.5 -> PM10","station, time_slot, PM2.5",PM10,882,5385,2013-09-20 03:00:00,2013-12-31 03:00:00,Changping,Changping,2013-09,2013-12,night,night,19.0,241.0,222.0,49.0,54.0,,
"station, time_slot, PM2.5 -> PM10","station, time_slot, PM2.5",PM10,4411,5133,2013-12-09 20:00:00,2013-12-25 20:00:00,Changping,Changping,2013-12,2013-12,evening,evening,18.0,240.0,222.0,19.0,24.0,,
"station, time_slot, PM2.5 -> PM10","station, time_slot, PM2.5",PM10,580,5395,2013-09-13 07:00:00,2013-12-31 08:00:00,Changping,Changping,2013-09,2013-12,morning,morning,47.0,268.0,221.0,41.0,49.0,,
"station, time_slot, PM2.5 -> PM10","station, time_slot, PM2.5",PM10,306,5395,2013-09-07 10:00:00,2013-12-31 08:00:00,Changping,Changping,2013-09,2013-12,morning,morning,48.0,268.0,220.0,45.0,49.0,,
"station, time_slot, PM2.5 -> PM10","station, time_slot, PM2.5",PM10,4960,5396,2013-12-22 06:00:00,2013-12-31 09:00:00,Aotizhongxin,Aotizhongxin,2013-12,2013-12,morning,morning,31.0,250.0,219.0,56.0,46.0,,
"station, time_slot, PM2.5 -> PM10","station, time_slot, PM2.5",PM10,3674,5401,2013-11-24 06:00:00,2013-12-31 11:00:00,Changping,Changping,2013-11,2013-12,morning,morning,67.0,286.0,219.0,34.0,41.0,,
"station, time_slot, PM2.5 -> PM10","station, time_slot, PM2.5",PM10,250,5395,2013-09-06 06:00:00,2013-12-31 08:00:00,Changping,Changping,2013-09,2013-12,morning,morning,49.0,268.0,219.0,47.0,49.0,,
"station, time_slot, PM2.5 -> PM10","station, time_slot, PM2.5",PM10,616,5385,2013-09-14 01:00:00,2013-12-31 03:00:00,Changping,Changping,2013-09,2013-12,night,night,23.0,241.0,218.0,47.0,54.0,,
"station, time_slot, PM2.5 -> PM10","station, time_slot, PM2.5",PM10,3553,5399,2013-11-21 08:00:00,2013-12-31 10:00:00,Changping,Changping,2013-11,2013-12,morning,morning,80.0,298.0,218.0,55.0,51.0,,
"station, time_slot, PM2.5 -> PM10","station, time_slot, PM2.5",PM10,348,5401,2013-09-08 07:00:00,2013-12-31 11:00:00,Changping,Changping,2013-09,2013-12,morning,morning,68.0,286.0,218.0,47.0,41.0,,
"station, time_slot, PM2.5 -> PM10","station, time_slot, PM2.5",PM10,3223,5395,2013-11-12 06:00:00,2013-12-31 08:00:00,Changping,Changping,2013-11,2013-12,morning,morning,50.0,268.0,218.0,49.0,49.0,,
"station, time_slot, PM2.5 -> PM10","station, time_slot, PM2.5",PM10,946,5401,2013-09-21 11:00:00,2013-12-31 11:00:00,Changping,Changping,2013-09,2013-12,morning,morning,69.0,286.0,217.0,33.0,41.0,,
"station, time_slot, PM2.5 -> PM10","station, time_slot, PM2.5",PM10,395,5395,2013-09-09 07:00:00,2013-12-31 08:00:00,Changping,Changping,2013-09,2013-12,morning,morning,51.0,268.0,217.0,39.0,49.0,,
"station, time_slot, PM2.5 -> PM10","station, time_slot, PM2.5",PM10,3683,5398,2013-11-24 11:00:00,2013-12-31 10:00:00,Aotizhongxin,Aotizhongxin,2013-11,2013-12,morning,morning,154.0,370.0,216.0,41.0,45.0,,
"station, time_slot, PM2.5 -> PM10","station, time_slot, PM2.5",PM10,918,5133,2013-09-20 21:00:00,2013-12-25 20:00:00,Changping,Changping,2013-09,2013-12,evening,evening,24.0,240.0,216.0,17.0,24.0,,
"station, time_slot, PM2.5 -> PM10","station, time_slot, PM2.5",PM10,1491,5133,2013-10-02 23:00:00,2013-12-25 20:00:00,Changping,Changping,2013-10,2013-12,evening,evening,24.0,240.0,216.0,18.0,24.0,,
"station, time_slot, PM2.5 -> PM10","station, time_slot, PM2.5",PM10,4682,5396,2013-12-16 10:00:00,2013-12-31 09:00:00,Aotizhongxin,Aotizhongxin,2013-12,2013-12,morning,morning,35.0,250.0,215.0,50.0,46.0,,
"station, time_slot, PM2.5 -> PM10","station, time_slot, PM2.5",PM10,1515,5401,2013-10-03 11:00:00,2013-12-31 11:00:00,Changping,Changping,2013-10,2013-12,morning,morning,71.0,286.0,215.0,33.0,41.0,,
"station, time_slot, PM2.5 -> PM10","station, time_slot, PM2.5",PM10,1553,5399,2013-10-04 06:00:00,2013-12-31 10:00:00,Changping,Changping,2013-10,2013-12,morning,morning,83.0,298.0,215.0,56.0,51.0,,
"station, time_slot, PM2.5 -> PM10","station, time_slot, PM2.5",PM10,1753,5395,2013-10-08 10:00:00,2013-12-31 08:00:00,Changping,Changping,2013-10,2013-12,morning,morning,54.0,268.0,214.0,41.0,49.0,,
"station, time_slot, PM2.5 -> PM10","station, time_slot, PM2.5",PM10,162,5395,2013-09-04 09:00:00,2013-12-31 08:00:00,Changping,Changping,2013-09,2013-12,morning,morning,54.0,268.0,214.0,50.0,49.0,,
"station, time_slot, PM2.5 -> PM10","station, time_slot, PM2.5",PM10,3683,5400,2013-11-24 11:00:00,2013-12-31 11:00:00,Aotizhongxin,Aotizhongxin,2013-11,2013-12,morning,morning,154.0,366.0,212.0,41.0,42.0,,
"station, time_slot, PM2.5 -> PM10","station, time_slot, PM2.5",PM10,2764,5399,2013-10-30 09:00:00,2013-12-31 10:00:00,Changping,Changping,2013-10,2013-12,morning,morning,86.0,298.0,212.0,48.0,51.0,,
"station, time_slot, PM2.5 -> PM10","station, time_slot, PM2.5",PM10,728,5399,2013-09-16 11:00:00,2013-12-31 10:00:00,Changping,Changping,2013-09,2013-12,morning,morning,86.0,298.0,212.0,45.0,51.0,,
"station, time_slot, PM2.5 -> PM10","station, time_slot, PM2.5",PM10,3673,5396,2013-11-24 06:00:00,2013-12-31 09:00:00,Aotizhongxin,Aotizhongxin,2013-11,2013-12,morning,morning,39.0,250.0,211.0,43.0,46.0,,
"station, time_slot, PM2.5 -> PM10","station, time_slot, PM2.5",PM10,3921,5395,2013-11-29 10:00:00,2013-12-31 08:00:00,Changping,Changping,2013-11,2013-12,morning,morning,57.0,268.0,211.0,41.0,49.0,,
"station, time_slot, PM2.5 -> PM10","station, time_slot, PM2.5",PM10,4159,5395,2013-12-04 10:00:00,2013-12-31 08:00:00,Changping,Changping,2013-12,2013-12,morning,morning,58.0,268.0,210.0,46.0,49.0,,
"station, time_slot, PM2.5 -> PM10","station, time_slot, PM2.5",PM10,4225,5133,2013-12-05 19:00:00,2013-12-25 20:00:00,Changping,Changping,2013-12,2013-12,evening,evening,30.0,240.0,210.0,28.0,24.0,,
"station, time_slot, PM2.5 -> PM10","station, time_slot, PM2.5",PM10,2273,5395,2013-10-19 06:00:00,2013-12-31 08:00:00,Changping,Changping,2013-10,2013-12,morning,morning,59.0,268.0,209.0,59.0,49.0,,
"station, time_slot, PM2.5 -> PM10","station, time_slot, PM2.5",PM10,624,5395,2013-09-14 07:00:00,2013-12-31 08:00:00,Changping,Changping,2013-09,2013-12,morning,morning,59.0,268.0,209.0,43.0,49.0,,
"station, time_slot, PM2.5 -> PM10","station, time_slot, PM2.5",PM10,1971,5133,2013-10-12 23:00:00,2013-12-25 20:00:00,Changping,Changping,2013-10,2013-12,evening,evening,31.0,240.0,209.0,23.0,24.0,,
"station, time_slot, PM2.5 -> PM10","station, time_slot, PM2.5",PM10,2759,5396,2013-10-30 07:00:00,2013-12-31 09:00:00,Aotizhongxin,Aotizhongxin,2013-10,2013-12,morning,morning,41.0,250.0,209.0,38.0,46.0,,
"station, time_slot, PM2.5 -> PM10","station, time_slot, PM2.5",PM10,4430,5395,2013-12-10 08:00:00,2013-12-31 08:00:00,Changping,Changping,2013-12,2013-12,morning,morning,59.0,268.0,209.0,40.0,49.0,,
"station, time_slot, PM2.5 -> PM10","station, time_slot, PM2.5",PM10,576,5385,2013-09-13 05:00:00,2013-12-31 03:00:00,Changping,Changping,2013-09,2013-12,night,night,33.0,241.0,208.0,61.0,54.0,,
"station, time_slot, PM2.5 -> PM10","station, time_slot, PM2.5",PM10,60,5395,2013-09-02 06:00:00,2013-12-31 08:00:00,Changping,Changping,2013-09,2013-12,morning,morning,60.0,268.0,208.0,45.0,49.0,,
"station, time_slot, PM2.5 -> PM10","station, time_slot, PM2.5",PM10,4747,5133,2013-12-17 18:00:00,2013-12-25 20:00:00,Changping,Changping,2013-12,2013-12,evening,evening,32.0,240.0,208.0,25.0,24.0,,
"station, time_slot, PM2.5 -> PM10","station, time_slot, PM2.5",PM10,2532,5395,2013-10-25 08:00:00,2013-12-31 08:00:00,Changping,Changping,2013-10,2013-12,morning,morning,60.0,268.0,208.0,39.0,49.0,,
"station, time_slot, PM2.5 -> PM10","station, time_slot, PM2.5",PM10,2575,5399,2013-10-26 06:00:00,2013-12-31 10:00:00,Changping,Changping,2013-10,2013-12,morning,morning,91.0,298.0,207.0,52.0,51.0,,
"station, time_slot, PM2.5 -> PM10","station, time_slot, PM2.5",PM10,2972,5395,2013-11-05 06:00:00,2013-12-31 08:00:00,Changping,Changping,2013-11,2013-12,morning,morning,61.0,268.0,207.0,54.0,49.0,,
"station, time_slot, PM2.5 -> PM10","station, time_slot, PM2.5",PM10,2746,5133,2013-10-29 23:00:00,2013-12-25 20:00:00,Changping,Changping,2013-10,2013-12,evening,evening,33.0,240.0,207.0,28.0,24.0,,
"station, time_slot, PM2.5 -> PM10","station, time_slot, PM2.5",PM10,4960,5394,2013-12-22 06:00:00,2013-12-31 08:00:00,Aotizhongxin,Aotizhongxin,2013-12,2013-12,morning,morning,31.0,237.0,206.0,56.0,49.0,,
"station, time_slot, PM2.5 -> PM10","station, time_slot, PM2.5",PM10,4425,5385,2013-12-10 04:00:00,2013-12-31 03:00:00,Changping,Changping,2013-12,2013-12,night,night,35.0,241.0,206.0,48.0,54.0,,
"station, time_slot, PM2.5 -> PM10","station, time_slot, PM2.5",PM10,3519,5399,2013-11-20 08:00:00,2013-12-31 10:00:00,Changping,Changping,2013-11,2013-12,morning,morning,92.0,298.0,206.0,60.0,51.0,,
"station, time_slot, PM2.5 -> PM10","station, time_slot, PM2.5",PM10,2133,5399,2013-10-16 08:00:00,2013-12-31 10:00:00,Changping,Changping,2013-10,2013-12,morning,morning,93.0,298.0,205.0,45.0,51.0,,
"station, time_slot, PM2.5 -> PM10","station, time_slot, PM2.5",PM10,1511,5401,2013-10-03 09:00:00,2013-12-31 11:00:00,Changping,Changping,2013-10,2013-12,morning,morning,81.0,286.0,205.0,38.0,41.0,,
"station, time_slot, PM2.5 -> PM10","station, time_slot, PM2.5",PM10,3756,5133,2013-11-25 23:00:00,2013-12-25 20:00:00,Changping,Changping,2013-11,2013-12,evening,evening,35.0,240.0,205.0,24.0,24.0,,
"station, time_slot, PM2.5 -> PM10","station, time_slot, PM2.5",PM10,583,5396,2013-09-13 09:00:00,2013-12-31 09:00:00,Aotizhongxin,Aotizhongxin,2013-09,2013-12,morning,morning,46.0,250.0,204.0,44.0,46.0,,
"station, time_slot, PM2.5 -> PM10","station, time_slot, PM2.5",PM10,4512,5385,2013-12-12 02:00:00,2013-12-31 03:00:00,Changping,Changping,2013-12,2013-12,night,night,37.0,241.0,204.0,48.0,54.0,,
"station, time_slot, PM2.5 -> PM10","station, time_slot, PM2.5",PM10,4361,5133,2013-12-08 19:00:00,2013-12-25 20:00:00,Changping,Changping,2013-12,2013-12,evening,evening,36.0,240.0,204.0,15.0,24.0,,
"station, time_slot, PM2.5 -> PM10","station, time_slot, PM2.5",PM10,4243,5385,2013-12-06 04:00:00,2013-12-31 03:00:00,Changping,Changping,2013-12,2013-12,night,night,39.0,241.0,202.0,51.0,54.0,,
"station, time_slot, PM2.5 -> PM10","station, time_slot, PM2.5",PM10,4682,5394,2013-12-16 10:00:00,2013-12-31 08:00:00,Aotizhongxin,Aotizhongxin,2013-12,2013-12,morning,morning,35.0,237.0,202.0,50.0,49.0,,
"station, time_slot, PM2.5 -> PM10","station, time_slot, PM2.5",PM10,4961,5395,2013-12-22 06:00:00,2013-12-31 08:00:00,Changping,Changping,2013-12,2013-12,morning,morning,66.0,268.0,202.0,59.0,49.0,,
"station, time_slot, PM2.5 -> PM10","station, time_slot, PM2.5",PM10,4571,5396,2013-12-13 11:00:00,2013-12-31 09:00:00,Aotizhongxin,Aotizhongxin,2013-12,2013-12,morning,morning,48.0,250.0,202.0,38.0,46.0,,
"station, time_slot, PM2.5 -> PM10","station, time_slot, PM2.5",PM10,2535,5396,2013-10-25 10:00:00,2013-12-31 09:00:00,Aotizhongxin,Aotizhongxin,2013-10,2013-12,morning,morning,48.0,250.0,202.0,39.0,46.0,,
"station, time_slot, PM2.5 -> PM10","station, time_slot, PM2.5",PM10,5133,5225,2013-12-25 20:00:00,2013-12-27 18:00:00,Changping,Changping,2013-12,2013-12,evening,evening,240.0,39.0,201.0,24.0,32.0,,
"station, time_slot, PM2.5 -> PM10","station, time_slot, PM2.5",PM10,3989,5133,2013-11-30 20:00:00,2013-12-25 20:00:00,Changping,Changping,2013-11,2013-12,evening,evening,39.0,240.0,201.0,27.0,24.0,,
"station, time_slot, PM2.5 -> PM10","station, time_slot, PM2.5",PM10,3987,5133,2013-11-30 19:00:00,2013-12-25 20:00:00,Changping,Changping,2013-11,2013-12,evening,evening,39.0,240.0,201.0,26.0,24.0,,
"station, time_slot, PM2.5 -> PM10","station, time_slot, PM2.5",PM10,2764,5401,2013-10-30 09:00:00,2013-12-31 11:00:00,Changping,Changping,2013-10,2013-12,morning,morning,86.0,286.0,200.0,48.0,41.0,,
"station, time_slot, PM2.5 -> PM10","station, time_slot, PM2.5",PM10,1104,5133,2013-09-24 19:00:00,2013-12-25 20:00:00,Changping,Changping,2013-09,2013-12,evening,evening,40.0,240.0,200.0,14.0,24.0,,
"station, time_slot, PM2.5 -> PM10","station, time_slot, PM2.5",PM10,728,5401,2013-09-16 11:00:00,2013-12-31 11:00:00,Changping,Changping,2013-09,2013-12,morning,morning,86.0,286.0,200.0,45.0,41.0,,
"station, time_slot, PM2.5 -> PM10","station, time_slot, PM2.5",PM10,255,5396,2013-09-06 09:00:00,2013-12-31 09:00:00,Aotizhongxin,Aotizhongxin,2013-09,2013-12,morning,morning,50.0,250.0,200.0,45.0,46.0,,
"station, time_slot, PM2.5 -> PM10","station, time_slot, PM2.5",PM10,348,5395,2013-09-08 07:00:00,2013-12-31 08:00:00,Changping,Changping,2013-09,2013-12,morning,morning,68.0,268.0,200.0,47.0,49.0,,
"station, time_slot, PM2.5 -> PM10","station, time_slot, PM2.5",PM10,2065,5133,2013-10-14 22:00:00,2013-12-25 20:00:00,Changping,Changping,2013-10,2013-12,evening,evening,40.0,240.0,200.0,25.0,24.0,,
"station, time_slot, PM2.5 -> PM10","station, time_slot, PM2.5",PM10,626,5399,2013-09-14 08:00:00,2013-12-31 10:00:00,Changping,Changping,2013-09,2013-12,morning,morning,99.0,298.0,199.0,53.0,51.0,,
"station, time_slot, PM2.5 -> PM10","station, time_slot, PM2.5",PM10,2115,5133,2013-10-15 23:00:00,2013-12-25 20:00:00,Changping,Changping,2013-10,2013-12,evening,evening,41.0,240.0,199.0,31.0,24.0,,
"station, time_slot, PM2.5 -> PM10","station, time_slot, PM2.5",PM10,3673,5394,2013-11-24 06:00:00,2013-12-31 08:00:00,Aotizhongxin,Aotizhongxin,2013-11,2013-12,morning,morning,39.0,237.0,198.0,43.0,49.0,,
"station, time_slot, PM2.5 -> PM10","station, time_slot, PM2.5",PM10,2744,5133,2013-10-29 22:00:00,2013-12-25 20:00:00,Changping,Changping,2013-10,2013-12,evening,evening,42.0,240.0,198.0,32.0,24.0,,
"station, time_slot, PM2.5 -> PM10","station, time_slot, PM2.5",PM10,465,5133,2013-09-10 21:00:00,2013-12-25 20:00:00,Changping,Changping,2013-09,2013-12,evening,evening,43.0,240.0,197.0,23.0,24.0,,
"station, time_slot, PM2.5 -> PM10","station, time_slot, PM2.5",PM10,2749,5388,2013-10-30 01:00:00,2013-12-31 05:00:00,Aotizhongxin,Aotizhongxin,2013-10,2013-12,night,night,84.0,279.0,195.0,104.0,100.0,,
"station, time_slot, PM2.5 -> PM10","station, time_slot, PM2.5",PM10,5133,5273,2013-12-25 20:00:00,2013-12-28 19:00:00,Changping,Changping,2013-12,2013-12,evening,evening,240.0,47.0,193.0,24.0,19.0,,
"station, time_slot, PM2.5 -> PM10","station, time_slot, PM2.5",PM10,2133,5401,2013-10-16 08:00:00,2013-12-31 11:00:00,Changping,Changping,2013-10,2013-12,morning,morning,93.0,286.0,193.0,45.0,41.0,,
"station, time_slot, PM2.5 -> PM10","station, time_slot, PM2.5",PM10,4105,5396,2013-12-03 07:00:00,2013-12-31 09:00:00,Aotizhongxin,Aotizhongxin,2013-12,2013-12,morning,morning,57.0,250.0,193.0,43.0,46.0,,
"station, time_slot, PM2.5 -> PM10","station, time_slot, PM2.5",PM10,583,5394,2013-09-13 09:00:00,2013-12-31 08:00:00,Aotizhongxin,Aotizhongxin,2013-09,2013-12,morning,morning,46.0,237.0,191.0,44.0,49.0,,
"station, time_slot, PM2.5 -> PM10","station, time_slot, PM2.5",PM10,2533,5396,2013-10-25 09:00:00,2013-12-31 09:00:00,Aotizhongxin,Aotizhongxin,2013-10,2013-12,morning,morning,59.0,250.0,191.0,41.0,46.0,,
"station, time_slot, PM2.5 -> PM10","station, time_slot, PM2.5",PM10,4968,5396,2013-12-22 10:00:00,2013-12-31 09:00:00,Aotizhongxin,Aotizhongxin,2013-12,2013-12,morning,morning,60.0,250.0,190.0,38.0,46.0,,
"station, time_slot, PM2.5 -> PM10","station, time_slot, PM2.5",PM10,328,5133,2013-09-07 21:00:00,2013-12-25 20:00:00,Changping,Changping,2013-09,2013-12,evening,evening,50.0,240.0,190.0,31.0,24.0,,
"station, time_slot, PM2.5 -> PM10","station, time_slot, PM2.5",PM10,2504,5133,2013-10-24 18:00:00,2013-12-25 20:00:00,Changping,Changping,2013-10,2013-12,evening,evening,50.0,240.0,190.0,33.0,24.0,,
"station, time_slot, PM2.5 -> PM10","station, time_slot, PM2.5",PM10,2535,5394,2013-10-25 10:00:00,2013-12-31 08:00:00,Aotizhongxin,Aotizhongxin,2013-10,2013-12,morning,morning,48.0,237.0,189.0,39.0,49.0,,
"station, time_slot, PM2.5 -> PM10","station, time_slot, PM2.5",PM10,3690,4647,2013-11-24 14:00:00,2013-12-15 12:00:00,Changping,Changping,2013-11,2013-12,afternoon,afternoon,244.0,55.0,189.0,71.0,68.0,,
"station, time_slot, PM2.5 -> PM10","station, time_slot, PM2.5",PM10,3553,5395,2013-11-21 08:00:00,2013-12-31 08:00:00,Changping,Changping,2013-11,2013-12,morning,morning,80.0,268.0,188.0,55.0,49.0,,
"station, time_slot, PM2.5 -> PM10","station, time_slot, PM2.5",PM10,378,5133,2013-09-08 22:00:00,2013-12-25 20:00:00,Changping,Changping,2013-09,2013-12,evening,evening,52.0,240.0,188.0,31.0,24.0,,
"station, time_slot, PM2.5 -> PM10","station, time_slot, PM2.5",PM10,2966,5385,2013-11-05 00:00:00,2013-12-31 03:00:00,Changping,Changping,2013-11,2013-12,night,night,53.0,241.0,188.0,45.0,54.0,,
"station, time_slot, PM2.5 -> PM10","station, time_slot, PM2.5",PM10,4889,5133,2013-12-20 18:00:00,2013-12-25 20:00:00,Changping,Changping,2013-12,2013-12,evening,evening,53.0,240.0,187.0,23.0,24.0,,
"station, time_slot, PM2.5 -> PM10","station, time_slot, PM2.5",PM10,255,5394,2013-09-06 09:00:00,2013-12-31 08:00:00,Aotizhongxin,Aotizhongxin,2013-09,2013-12,morning,morning,50.0,237.0,187.0,45.0,49.0,,
"station, time_slot, PM2.5 -> PM10","station, time_slot, PM2.5",PM10,5347,5401,2013-12-30 08:00:00,2013-12-31 11:00:00,Changping,Changping,2013-12,2013-12,morning,morning,99.0,286.0,187.0,35.0,41.0,,
"station, time_slot, PM2.5 -> PM10","station, time_slot, PM2.5",PM10,4102,5385,2013-12-03 05:00:00,2013-12-31 03:00:00,Changping,Changping,2013-12,2013-12,night,night,55.0,241.0,186.0,47.0,54.0,,
"station, time_slot, PM2.5 -> PM10","station, time_slot, PM2.5",PM10,4103,5396,2013-12-03 06:00:00,2013-12-31 09:00:00,Aotizhongxin,Aotizhongxin,2013-12,2013-12,morning,morning,64.0,250.0,186.0,50.0,46.0,,
"station, time_slot, PM2.5 -> PM10","station, time_slot, PM2.5",PM10,3686,4647,2013-11-24 12:00:00,2013-12-15 12:00:00,Changping,Changping,2013-11,2013-12,afternoon,afternoon,241.0,55.0,186.0,64.0,68.0,,
"station, time_slot, PM2.5 -> PM10","station, time_slot, PM2.5",PM10,4145,5385,2013-12-04 03:00:00,2013-12-31 03:00:00,Changping,Changping,2013-12,2013-12,night,night,56.0,241.0,185.0,48.0,54.0,,
"station, time_slot, PM2.5 -> PM10","station, time_slot, PM2.5",PM10,5133,5137,2013-12-25 20:00:00,2013-12-25 22:00:00,Changping,Changping,2013-12,2013-12,evening,evening,240.0,55.0,185.0,24.0,16.0,,
"station, time_slot, PM2.5 -> PM10","station, time_slot, PM2.5",PM10,1553,5395,2013-10-04 06:00:00,2013-12-31 08:00:00,Changping,Changping,2013-10,2013-12,morning,morning,83.0,268.0,185.0,56.0,49.0,,
"station, time_slot, PM2.5 -> PM10","station, time_slot, PM2.5",PM10,960,5133,2013-09-21 18:00:00,2013-12-25 20:00:00,Changping,Changping,2013-09,2013-12,evening,evening,58.0,240.0,182.0,29.0,24.0,,
"station, time_slot, PM2.5 -> PM10","station, time_slot, PM2.5",PM10,728,5395,2013-09-16 11:00:00,2013-12-31 08:00:00,Changping,Changping,2013-09,2013-12,morning,morning,86.0,268.0,182.0,45.0,49.0,,
"station, time_slot, PM2.5 -> PM10","station, time_slot, PM2.5",PM10,2764,5395,2013-10-30 09:00:00,2013-12-31 08:00:00,Changping,Changping,2013-10,2013-12,morning,morning,86.0,268.0,182.0,48.0,49.0,,
"station, time_slot, PM2.5 -> PM10","station, time_slot, PM2.5",PM10,2169,5385,2013-10-17 02:00:00,2013-12-31 03:00:00,Changping,Changping,2013-10,2013-12,night,night,59.0,241.0,182.0,48.0,54.0,,
"station, time_slot, PM2.5 -> PM10","station, time_slot, PM2.5",PM10,4593,5385,2013-12-14 00:00:00,2013-12-31 03:00:00,Changping,Changping,2013-12,2013-12,night,night,60.0,241.0,181.0,64.0,54.0,,
"station, time_slot, PM2.5 -> PM10","station, time_slot, PM2.5",PM10,878,3346,2013-09-20 01:00:00,2013-11-16 04:00:00,Changping,Changping,2013-09,2013-11,night,night,59.0,240.0,181.0,89.0,85.0,,
"station, time_slot, PM2.5 -> PM10","station, time_slot, PM2.5",PM10,4147,5385,2013-12-04 04:00:00,2013-12-31 03:00:00,Changping,Changping,2013-12,2013-12,night,night,60.0,241.0,181.0,48.0,54.0,,
"station, time_slot, PM2.5 -> PM10","station, time_slot, PM2.5",PM10,3922,5396,2013-11-29 11:00:00,2013-12-31 09:00:00,Aotizhongxin,Aotizhongxin,2013-11,2013-12,morning,morning,69.0,250.0,181.0,43.0,46.0,,
"station, time_slot, PM2.5 -> PM10","station, time_slot, PM2.5",PM10,4105,5394,2013-12-03 07:00:00,2013-12-31 08:00:00,Aotizhongxin,Aotizhongxin,2013-12,2013-12,morning,morning,57.0,237.0,180.0,43.0,49.0,,
"station, time_slot, PM2.5 -> PM10","station, time_slot, PM2.5",PM10,3072,5385,2013-11-08 03:00:00,2013-12-31 03:00:00,Changping,Changping,2013-11,2013-12,night,night,61.0,241.0,180.0,60.0,54.0,,
"station, time_slot, PM2.5 -> PM10","station, time_slot, PM2.5",PM10,434,5388,2013-09-10 03:00:00,2013-12-31 05:00:00,Aotizhongxin,Aotizhongxin,2013-09,2013-12,night,night,100.0,279.0,179.0,90.0,100.0,,
"station, time_slot, PM2.5 -> PM10","station, time_slot, PM2.5",PM10,3513,5385,2013-11-20 02:00:00,2013-12-31 03:00:00,Changping,Changping,2013-11,2013-12,night,night,63.0,241.0,178.0,55.0,54.0,,
"station, time_slot, PM2.5 -> PM10","station, time_slot, PM2.5",PM10,2776,3686,2013-10-30 15:00:00,2013-11-24 12:00:00,Changping,Changping,2013-10,2013-11,afternoon,afternoon,63.0,241.0,178.0,54.0,64.0,,
"station, time_slot, PM2.5 -> PM10","station, time_slot, PM2.5",PM10,2533,5394,2013-10-25 09:00:00,2013-12-31 08:00:00,Aotizhongxin,Aotizhongxin,2013-10,2013-12,morning,morning,59.0,237.0,178.0,41.0,49.0,,
"station, time_slot, PM2.5 -> PM10","station, time_slot, PM2.5",PM10,270,3686,2013-09-06 16:00:00,2013-11-24 12:00:00,Changping,Changping,2013-09,2013-11,afternoon,afternoon,63.0,241.0,178.0,56.0,64.0,,
"station, time_slot, PM2.5 -> PM10","station, time_slot, PM2.5",PM10,2575,5395,2013-10-26 06:00:00,2013-12-31 08:00:00,Changping,Changping,2013-10,2013-12,morning,morning,91.0,268.0,177.0,52.0,49.0,,
"station, time_slot, PM2.5 -> PM10","station, time_slot, PM2.5",PM10,3069,5385,2013-11-08 00:00:00,2013-12-31 03:00:00,Changping,Changping,2013-11,2013-12,night,night,65.0,241.0,176.0,50.0,54.0,,
"station, time_slot, PM2.5 -> PM10","station, time_slot, PM2.5",PM10,2138,5396,2013-10-16 11:00:00,2013-12-31 09:00:00,Aotizhongxin,Aotizhongxin,2013-10,2013-12,morning,morning,75.0,250.0,175.0,39.0,46.0,,
"station, time_slot, PM2.5 -> PM10","station, time_slot, PM2.5",PM10,100,5385,2013-09-03 02:00:00,2013-12-31 03:00:00,Changping,Changping,2013-09,2013-12,night,night,66.0,241.0,175.0,59.0,54.0,,
"station, time_slot, PM2.5 -> PM10","station, time_slot, PM2.5",PM10,2133,5395,2013-10-16 08:00:00,2013-12-31 08:00:00,Changping,Changping,2013-10,2013-12,morning,morning,93.0,268.0,175.0,45.0,49.0,,
"station, time_slot, PM2.5 -> PM10","station, time_slot, PM2.5",PM10,435,5388,2013-09-10 04:00:00,2013-12-31 05:00:00,Aotizhongxin,Aotizhongxin,2013-09,2013-12,night,night,104.0,279.0,175.0,93.0,100.0,,
"station, PM2.5, NO2 -> PM10","station, PM2.5, NO2",PM10,2202,5386,2013-10-17 19:00:00,2013-12-31 04:00:00,Aotizhongxin,Aotizhongxin,2013-10,2013-12,evening,night,194.0,655.0,461.0,167.0,159.0,123.0,124.0
"station, PM2.5, NO2 -> PM10","station, PM2.5, NO2",PM10,2785,5386,2013-10-30 20:00:00,2013-12-31 04:00:00,Aotizhongxin,Aotizhongxin,2013-10,2013-12,evening,night,199.0,655.0,456.0,161.0,159.0,125.0,124.0
"station, PM2.5, NO2 -> PM10","station, PM2.5, NO2",PM10,2793,5386,2013-10-31 00:00:00,2013-12-31 04:00:00,Aotizhongxin,Aotizhongxin,2013-10,2013-12,night,night,210.0,655.0,445.0,155.0,159.0,120.0,124.0
"station, PM2.5, NO2 -> PM10","station, PM2.5, NO2",PM10,882,5399,2013-09-20 03:00:00,2013-12-31 10:00:00,Changping,Changping,2013-09,2013-12,night,morning,19.0,298.0,279.0,49.0,51.0,23.0,27.0
"station, PM2.5, NO2 -> PM10","station, PM2.5, NO2",PM10,3010,5398,2013-11-06 13:00:00,2013-12-31 10:00:00,Aotizhongxin,Aotizhongxin,2013-11,2013-12,afternoon,morning,96.0,370.0,274.0,37.0,45.0,20.0,14.0
"station, PM2.5, NO2 -> PM10","station, PM2.5, NO2",PM10,3010,5400,2013-11-06 13:00:00,2013-12-31 11:00:00,Aotizhongxin,Aotizhongxin,2013-11,2013-12,afternoon,morning,96.0,366.0,270.0,37.0,42.0,20.0,10.0
"station, PM2.5, NO2 -> PM10","station, PM2.5, NO2",PM10,4349,5401,2013-12-08 13:00:00,2013-12-31 11:00:00,Changping,Changping,2013-12,2013-12,afternoon,morning,18.0,286.0,268.0,33.0,41.0,25.0,18.0
"station, PM2.5, NO2 -> PM10","station, PM2.5, NO2",PM10,882,5401,2013-09-20 03:00:00,2013-12-31 11:00:00,Changping,Changping,2013-09,2013-12,night,morning,19.0,286.0,267.0,49.0,41.0,23.0,18.0
"station, PM2.5, NO2 -> PM10","station, PM2.5, NO2",PM10,4574,5399,2013-12-13 12:00:00,2013-12-31 10:00:00,Changping,Changping,2013-12,2013-12,afternoon,morning,43.0,298.0,255.0,43.0,51.0,35.0,27.0
"station, PM2.5, NO2 -> PM10","station, PM2.5, NO2",PM10,4169,5399,2013-12-04 15:00:00,2013-12-31 10:00:00,Changping,Changping,2013-12,2013-12,afternoon,morning,43.0,298.0,255.0,42.0,51.0,32.0,27.0
"station, PM2.5, NO2 -> PM10","station, PM2.5, NO2",PM10,4165,5399,2013-12-04 13:00:00,2013-12-31 10:00:00,Changping,Changping,2013-12,2013-12,afternoon,morning,44.0,298.0,254.0,49.0,51.0,37.0,27.0
"station, PM2.5, NO2 -> PM10","station, PM2.5, NO2",PM10,446,5401,2013-09-10 09:00:00,2013-12-31 11:00:00,Changping,Changping,2013-09,2013-12,morning,morning,33.0,286.0,253.0,33.0,41.0,24.0,18.0
"station, PM2.5, NO2 -> PM10","station, PM2.5, NO2",PM10,3349,5398,2013-11-16 06:00:00,2013-12-31 10:00:00,Aotizhongxin,Aotizhongxin,2013-11,2013-12,morning,morning,118.0,370.0,252.0,42.0,45.0,16.0,14.0
"station, PM2.5, NO2 -> PM10","station, PM2.5, NO2",PM10,580,5399,2013-09-13 07:00:00,2013-12-31 10:00:00,Changping,Changping,2013-09,2013-12,morning,morning,47.0,298.0,251.0,41.0,51.0,31.0,27.0
"station, PM2.5, NO2 -> PM10","station, PM2.5, NO2",PM10,342,5399,2013-09-08 04:00:00,2013-12-31 10:00:00,Changping,Changping,2013-09,2013-12,night,morning,47.0,298.0,251.0,43.0,51.0,18.0,27.0
"station, PM2.5, NO2 -> PM10","station, PM2.5, NO2",PM10,62,5401,2013-09-02 07:00:00,2013-12-31 11:00:00,Changping,Changping,2013-09,2013-12,morning,morning,35.0,286.0,251.0,31.0,41.0,21.0,18.0
"station, PM2.5, NO2 -> PM10","station, PM2.5, NO2",PM10,306,5399,2013-09-07 10:00:00,2013-12-31 10:00:00,Changping,Changping,2013-09,2013-12,morning,morning,48.0,298.0,250.0,45.0,51.0,34.0,27.0
"station, PM2.5, NO2 -> PM10","station, PM2.5, NO2",PM10,338,5401,2013-09-08 02:00:00,2013-12-31 11:00:00,Changping,Changping,2013-09,2013-12,night,morning,36.0,286.0,250.0,34.0,41.0,12.0,18.0
"station, PM2.5, NO2 -> PM10","station, PM2.5, NO2",PM10,250,5399,2013-09-06 06:00:00,2013-12-31 10:00:00,Changping,Changping,2013-09,2013-12,morning,morning,49.0,298.0,249.0,47.0,51.0,27.0,27.0
"station, PM2.5, NO2 -> PM10","station, PM2.5, NO2",PM10,882,5395,2013-09-20 03:00:00,2013-12-31 08:00:00,Changping,Changping,2013-09,2013-12,night,morning,19.0,268.0,249.0,49.0,49.0,23.0,30.0
"station, PM2.5, NO2 -> PM10","station, PM2.5, NO2",PM10,188,5401,2013-09-04 22:00:00,2013-12-31 11:00:00,Changping,Changping,2013-09,2013-12,evening,morning,38.0,286.0,248.0,38.0,41.0,17.0,18.0
"station, PM2.5, NO2 -> PM10","station, PM2.5, NO2",PM10,3349,5400,2013-11-16 06:00:00,2013-12-31 11:00:00,Aotizhongxin,Aotizhongxin,2013-11,2013-12,morning,morning,118.0,366.0,248.0,42.0,42.0,16.0,10.0
"station, PM2.5, NO2 -> PM10","station, PM2.5, NO2",PM10,176,5399,2013-09-04 16:00:00,2013-12-31 10:00:00,Changping,Changping,2013-09,2013-12,afternoon,morning,51.0,298.0,247.0,47.0,51.0,21.0,27.0
"station, PM2.5, NO2 -> PM10","station, PM2.5, NO2",PM10,162,5399,2013-09-04 09:00:00,2013-12-31 10:00:00,Changping,Changping,2013-09,2013-12,morning,morning,54.0,298.0,244.0,50.0,51.0,32.0,27.0
"station, PM2.5, NO2 -> PM10","station, PM2.5, NO2",PM10,4102,5399,2013-12-03 05:00:00,2013-12-31 10:00:00,Changping,Changping,2013-12,2013-12,night,morning,55.0,298.0,243.0,47.0,51.0,35.0,27.0
"station, PM2.5, NO2 -> PM10","station, PM2.5, NO2",PM10,2508,5401,2013-10-24 20:00:00,2013-12-31 11:00:00,Changping,Changping,2013-10,2013-12,evening,morning,45.0,286.0,241.0,36.0,41.0,20.0,18.0
"station, PM2.5, NO2 -> PM10","station, PM2.5, NO2",PM10,4159,5399,2013-12-04 10:00:00,2013-12-31 10:00:00,Changping,Changping,2013-12,2013-12,morning,morning,58.0,298.0,240.0,46.0,51.0,37.0,27.0
"station, PM2.5, NO2 -> PM10","station, PM2.5, NO2",PM10,342,5401,2013-09-08 04:00:00,2013-12-31 11:00:00,Changping,Changping,2013-09,2013-12,night,morning,47.0,286.0,239.0,43.0,41.0,18.0,18.0
"station, PM2.5, NO2 -> PM10","station, PM2.5, NO2",PM10,624,5399,2013-09-14 07:00:00,2013-12-31 10:00:00,Changping,Changping,2013-09,2013-12,morning,morning,59.0,298.0,239.0,43.0,51.0,31.0,27.0
"station, PM2.5, NO2 -> PM10","station, PM2.5, NO2",PM10,250,5401,2013-09-06 06:00:00,2013-12-31 11:00:00,Changping,Changping,2013-09,2013-12,morning,morning,49.0,286.0,237.0,47.0,41.0,27.0,18.0
"station, PM2.5, NO2 -> PM10","station, PM2.5, NO2",PM10,2504,5401,2013-10-24 18:00:00,2013-12-31 11:00:00,Changping,Changping,2013-10,2013-12,evening,morning,50.0,286.0,236.0,33.0,41.0,22.0,18.0
"station, PM2.5, NO2 -> PM10","station, PM2.5, NO2",PM10,328,5401,2013-09-07 21:00:00,2013-12-31 11:00:00,Changping,Changping,2013-09,2013-12,evening,morning,50.0,286.0,236.0,31.0,41.0,22.0,18.0
"station, PM2.5, NO2 -> PM10","station, PM2.5, NO2",PM10,270,5399,2013-09-06 16:00:00,2013-12-31 10:00:00,Changping,Changping,2013-09,2013-12,afternoon,morning,63.0,298.0,235.0,56.0,51.0,20.0,27.0
"station, PM2.5, NO2 -> PM10","station, PM2.5, NO2",PM10,176,5401,2013-09-04 16:00:00,2013-12-31 11:00:00,Changping,Changping,2013-09,2013-12,afternoon,morning,51.0,286.0,235.0,47.0,41.0,21.0,18.0
"station, PM2.5, NO2 -> PM10","station, PM2.5, NO2",PM10,378,5401,2013-09-08 22:00:00,2013-12-31 11:00:00,Changping,Changping,2013-09,2013-12,evening,morning,52.0,286.0,234.0,31.0,41.0,8.0,18.0
"station, PM2.5, NO2 -> PM10","station, PM2.5, NO2",PM10,272,5399,2013-09-06 17:00:00,2013-12-31 10:00:00,Changping,Changping,2013-09,2013-12,afternoon,morning,66.0,298.0,232.0,60.0,51.0,19.0,27.0
"station, PM2.5, NO2 -> PM10","station, PM2.5, NO2",PM10,2514,5401,2013-10-24 23:00:00,2013-12-31 11:00:00,Changping,Changping,2013-10,2013-12,evening,morning,54.0,286.0,232.0,39.0,41.0,27.0,18.0
"station, PM2.5, NO2 -> PM10","station, PM2.5, NO2",PM10,976,5399,2013-09-22 02:00:00,2013-12-31 10:00:00,Changping,Changping,2013-09,2013-12,night,morning,69.0,298.0,229.0,57.0,51.0,32.0,27.0
"station, PM2.5, NO2 -> PM10","station, PM2.5, NO2",PM10,974,5399,2013-09-22 01:00:00,2013-12-31 10:00:00,Changping,Changping,2013-09,2013-12,night,morning,70.0,298.0,228.0,59.0,51.0,30.0,27.0
"station, PM2.5, NO2 -> PM10","station, PM2.5, NO2",PM10,884,5133,2013-09-20 04:00:00,2013-12-25 20:00:00,Changping,Changping,2013-09,2013-12,night,evening,13.0,240.0,227.0,24.0,24.0,41.0,33.0
"station, PM2.5, NO2 -> PM10","station, PM2.5, NO2",PM10,4655,5395,2013-12-15 16:00:00,2013-12-31 08:00:00,Changping,Changping,2013-12,2013-12,afternoon,morning,41.0,268.0,227.0,39.0,49.0,33.0,30.0
"station, PM2.5, NO2 -> PM10","station, PM2.5, NO2",PM10,4169,5395,2013-12-04 15:00:00,2013-12-31 08:00:00,Changping,Changping,2013-12,2013-12,afternoon,morning,43.0,268.0,225.0,42.0,49.0,32.0,30.0
"station, PM2.5, NO2 -> PM10","station, PM2.5, NO2",PM10,4574,5395,2013-12-13 12:00:00,2013-12-31 08:00:00,Changping,Changping,2013-12,2013-12,afternoon,morning,43.0,268.0,225.0,43.0,49.0,35.0,30.0
"station, PM2.5, NO2 -> PM10","station, PM2.5, NO2",PM10,4165,5395,2013-12-04 13:00:00,2013-12-31 08:00:00,Changping,Changping,2013-12,2013-12,afternoon,morning,44.0,268.0,224.0,49.0,49.0,37.0,30.0
"station, PM2.5, NO2 -> PM10","station, PM2.5, NO2",PM10,1501,5133,2013-10-03 04:00:00,2013-12-25 20:00:00,Changping,Changping,2013-10,2013-12,night,evening,17.0,240.0,223.0,14.0,24.0,35.1063,33.0
"station, PM2.5, NO2 -> PM10","station, PM2.5, NO2",PM10,888,5133,2013-09-20 06:00:00,2013-12-25 20:00:00,Changping,Changping,2013-09,2013-12,morning,evening,18.0,240.0,222.0,14.0,24.0,34.0,33.0
"station, PM2.5, NO2 -> PM10","station, PM2.5, NO2",PM10,4349,5133,2013-12-08 13:00:00,2013-12-25 20:00:00,Changping,Changping,2013-12,2013-12,afternoon,evening,18.0,240.0,222.0,33.0,24.0,25.0,33.0
"station, PM2.5, NO2 -> PM10","station, PM2.5, NO2",PM10,882,5385,2013-09-20 03:00:00,2013-12-31 03:00:00,Changping,Changping,2013-09,2013-12,night,night,19.0,241.0,222.0,49.0,54.0,23.0,29.0
"station, PM2.5, NO2 -> PM10","station, PM2.5, NO2",PM10,4411,5133,2013-12-09 20:00:00,2013-12-25 20:00:00,Changping,Changping,2013-12,2013-12,evening,evening,18.0,240.0,222.0,19.0,24.0,33.0,33.0
"station, PM2.5, NO2 -> PM10","station, PM2.5, NO2",PM10,580,5395,2013-09-13 07:00:00,2013-12-31 08:00:00,Changping,Changping,2013-09,2013-12,morning,morning,47.0,268.0,221.0,41.0,49.0,31.0,30.0
"station, PM2.5, NO2 -> PM10","station, PM2.5, NO2",PM10,5133,5209,2013-12-25 20:00:00,2013-12-27 10:00:00,Changping,Changping,2013-12,2013-12,evening,morning,240.0,20.0,220.0,24.0,17.0,33.0,33.0
"station, PM2.5, NO2 -> PM10","station, PM2.5, NO2",PM10,4599,5133,2013-12-14 05:00:00,2013-12-25 20:00:00,Changping,Changping,2013-12,2013-12,night,evening,20.0,240.0,220.0,15.0,24.0,30.0,33.0
"station, PM2.5, NO2 -> PM10","station, PM2.5, NO2",PM10,306,5395,2013-09-07 10:00:00,2013-12-31 08:00:00,Changping,Changping,2013-09,2013-12,morning,morning,48.0,268.0,220.0,45.0,49.0,34.0,30.0
"station, PM2.5, NO2 -> PM10","station, PM2.5, NO2",PM10,250,5395,2013-09-06 06:00:00,2013-12-31 08:00:00,Changping,Changping,2013-09,2013-12,morning,morning,49.0,268.0,219.0,47.0,49.0,27.0,30.0
"station, PM2.5, NO2 -> PM10","station, PM2.5, NO2",PM10,1549,5395,2013-10-04 04:00:00,2013-12-31 08:00:00,Changping,Changping,2013-10,2013-12,night,morning,49.0,268.0,219.0,43.0,49.0,40.0,30.0
"station, PM2.5, NO2 -> PM10","station, PM2.5, NO2",PM10,3674,5401,2013-11-24 06:00:00,2013-12-31 11:00:00,Changping,Changping,2013-11,2013-12,morning,morning,67.0,286.0,219.0,34.0,41.0,24.0,18.0
"station, PM2.5, NO2 -> PM10","station, PM2.5, NO2",PM10,1547,5395,2013-10-04 03:00:00,2013-12-31 08:00:00,Changping,Changping,2013-10,2013-12,night,morning,49.0,268.0,219.0,43.0,49.0,40.0,30.0
"station, PM2.5, NO2 -> PM10","station, PM2.5, NO2",PM10,2754,5133,2013-10-30 04:00:00,2013-12-25 20:00:00,Changping,Changping,2013-10,2013-12,night,evening,22.0,240.0,218.0,20.0,24.0,37.0,33.0
"station, PM2.5, NO2 -> PM10","station, PM2.5, NO2",PM10,3915,5133,2013-11-29 07:00:00,2013-12-25 20:00:00,Changping,Changping,2013-11,2013-12,morning,evening,22.0,240.0,218.0,16.0,24.0,23.0,33.0
"station, PM2.5, NO2 -> PM10","station, PM2.5, NO2",PM10,590,5399,2013-09-13 12:00:00,2013-12-31 10:00:00,Changping,Changping,2013-09,2013-12,afternoon,morning,80.0,298.0,218.0,57.0,51.0,26.0,27.0
"station, PM2.5, NO2 -> PM10","station, PM2.5, NO2",PM10,3909,5133,2013-11-29 04:00:00,2013-12-25 20:00:00,Changping,Changping,2013-11,2013-12,night,evening,22.0,240.0,218.0,17.0,24.0,27.0,33.0
"station, PM2.5, NO2 -> PM10","station, PM2.5, NO2",PM10,348,5401,2013-09-08 07:00:00,2013-12-31 11:00:00,Changping,Changping,2013-09,2013-12,morning,morning,68.0,286.0,218.0,47.0,41.0,15.0,18.0
"station, PM2.5, NO2 -> PM10","station, PM2.5, NO2",PM10,176,5395,2013-09-04 16:00:00,2013-12-31 08:00:00,Changping,Changping,2013-09,2013-12,afternoon,morning,51.0,268.0,217.0,47.0,49.0,21.0,30.0
"station, PM2.5, NO2 -> PM10","station, PM2.5, NO2",PM10,4561,5133,2013-12-13 04:00:00,2013-12-25 20:00:00,Changping,Changping,2013-12,2013-12,night,evening,23.0,240.0,217.0,25.0,24.0,33.0,33.0
"station, PM2.5, NO2 -> PM10","station, PM2.5, NO2",PM10,5133,5238,2013-12-25 20:00:00,2013-12-28 01:00:00,Changping,Changping,2013-12,2013-12,evening,night,240.0,23.0,217.0,24.0,21.0,33.0,31.2056
"station, PM2.5, NO2 -> PM10","station, PM2.5, NO2",PM10,3389,5133,2013-11-17 05:00:00,2013-12-25 20:00:00,Changping,Changping,2013-11,2013-12,night,evening,23.0,240.0,217.0,21.0,24.0,34.0,33.0
"station, PM2.5, NO2 -> PM10","station, PM2.5, NO2",PM10,918,5133,2013-09-20 21:00:00,2013-12-25 20:00:00,Changping,Changping,2013-09,2013-12,evening,evening,24.0,240.0,216.0,17.0,24.0,43.0,33.0
"station, PM2.5, NO2 -> PM10","station, PM2.5, NO2",PM10,2732,5133,2013-10-29 16:00:00,2013-12-25 20:00:00,Changping,Changping,2013-10,2013-12,afternoon,evening,24.0,240.0,216.0,16.0,24.0,27.0,33.0
"station, PM2.5, NO2 -> PM10","station, PM2.5, NO2",PM10,4009,5133,2013-12-01 06:00:00,2013-12-25 20:00:00,Changping,Changping,2013-12,2013-12,morning,evening,24.0,240.0,216.0,19.0,24.0,33.0,33.0
"station, PM2.5, NO2 -> PM10","station, PM2.5, NO2",PM10,3114,5133,2013-11-09 17:00:00,2013-12-25 20:00:00,Changping,Changping,2013-11,2013-12,afternoon,evening,24.0,240.0,216.0,22.0,24.0,28.0,33.0
"station, PM2.5, NO2 -> PM10","station, PM2.5, NO2",PM10,4875,5133,2013-12-20 11:00:00,2013-12-25 20:00:00,Changping,Changping,2013-12,2013-12,morning,evening,24.0,240.0,216.0,20.0,24.0,32.0,33.0
"station, PM2.5, NO2 -> PM10","station, PM2.5, NO2",PM10,3112,5133,2013-11-09 16:00:00,2013-12-25 20:00:00,Changping,Changping,2013-11,2013-12,afternoon,evening,24.0,240.0,216.0,22.0,24.0,28.0,33.0
"station, PM2.5, NO2 -> PM10","station, PM2.5, NO2",PM10,930,5133,2013-09-21 03:00:00,2013-12-25 20:00:00,Changping,Changping,2013-09,2013-12,night,evening,25.0,240.0,215.0,15.0,24.0,41.0,33.0
"station, PM2.5, NO2 -> PM10","station, PM2.5, NO2",PM10,1753,5395,2013-10-08 10:00:00,2013-12-31 08:00:00,Changping,Changping,2013-10,2013-12,morning,morning,54.0,268.0,214.0,41.0,49.0,37.3646,30.0
"station, PM2.5, NO2 -> PM10","station, PM2.5, NO2",PM10,2514,5395,2013-10-24 23:00:00,2013-12-31 08:00:00,Changping,Changping,2013-10,2013-12,evening,morning,54.0,268.0,214.0,39.0,49.0,27.0,30.0
"station, PM2.5, NO2 -> PM10","station, PM2.5, NO2",PM10,890,5133,2013-09-20 07:00:00,2013-12-25 20:00:00,Changping,Changping,2013-09,2013-12,morning,evening,26.0,240.0,214.0,16.0,24.0,42.0,33.0
"station, PM2.5, NO2 -> PM10","station, PM2.5, NO2",PM10,5125,5401,2013-12-25 16:00:00,2013-12-31 11:00:00,Changping,Changping,2013-12,2013-12,afternoon,morning,72.0,286.0,214.0,32.0,41.0,26.0,18.0
"station, PM2.5, NO2 -> PM10","station, PM2.5, NO2",PM10,162,5395,2013-09-04 09:00:00,2013-12-31 08:00:00,Changping,Changping,2013-09,2013-12,morning,morning,54.0,268.0,214.0,50.0,49.0,32.0,30.0
"station, PM2.5, NO2 -> PM10","station, PM2.5, NO2",PM10,3397,5133,2013-11-17 09:00:00,2013-12-25 20:00:00,Changping,Changping,2013-11,2013-12,morning,evening,26.0,240.0,214.0,21.0,24.0,33.0,33.0
"station, PM2.5, NO2 -> PM10","station, PM2.5, NO2",PM10,1737,5133,2013-10-08 02:00:00,2013-12-25 20:00:00,Changping,Changping,2013-10,2013-12,night,evening,27.0,240.0,213.0,21.0,24.0,28.9473,33.0
"station, PM2.5, NO2 -> PM10","station, PM2.5, NO2",PM10,1507,5133,2013-10-03 07:00:00,2013-12-25 20:00:00,Changping,Changping,2013-10,2013-12,morning,evening,27.0,240.0,213.0,14.0,24.0,24.0,33.0
"station, PM2.5, NO2 -> PM10","station, PM2.5, NO2",PM10,4102,5395,2013-12-03 05:00:00,2013-12-31 08:00:00,Changping,Changping,2013-12,2013-12,night,morning,55.0,268.0,213.0,47.0,49.0,35.0,30.0
"station, PM2.5, NO2 -> PM10","station, PM2.5, NO2",PM10,728,5399,2013-09-16 11:00:00,2013-12-31 10:00:00,Changping,Changping,2013-09,2013-12,morning,morning,86.0,298.0,212.0,45.0,51.0,31.0,27.0
"station, PM2.5, NO2 -> PM10","station, PM2.5, NO2",PM10,5133,5223,2013-12-25 20:00:00,2013-12-27 17:00:00,Changping,Changping,2013-12,2013-12,evening,afternoon,240.0,28.0,212.0,24.0,25.0,33.0,42.0
"station, PM2.5, NO2 -> PM10","station, PM2.5, NO2",PM10,5133,5211,2013-12-25 20:00:00,2013-12-27 11:00:00,Changping,Changping,2013-12,2013-12,evening,morning,240.0,28.0,212.0,24.0,16.0,33.0,36.0
"station, PM2.5, NO2 -> PM10","station, PM2.5, NO2",PM10,1757,5395,2013-10-08 12:00:00,2013-12-31 08:00:00,Changping,Changping,2013-10,2013-12,afternoon,morning,56.0,268.0,212.0,44.0,49.0,40.0,30.0
"station, PM2.5, NO2 -> PM10","station, PM2.5, NO2",PM10,3921,5395,2013-11-29 10:00:00,2013-12-31 08:00:00,Changping,Changping,2013-11,2013-12,morning,morning,57.0,268.0,211.0,41.0,49.0,40.0,30.0
"station, PM2.5, NO2 -> PM10","station, PM2.5, NO2",PM10,2703,5133,2013-10-29 00:00:00,2013-12-25 20:00:00,Changping,Changping,2013-10,2013-12,night,evening,29.0,240.0,211.0,29.0,24.0,28.0,33.0
"station, PM2.5, NO2 -> PM10","station, PM2.5, NO2",PM10,3673,5396,2013-11-24 06:00:00,2013-12-31 09:00:00,Aotizhongxin,Aotizhongxin,2013-11,2013-12,morning,morning,39.0,250.0,211.0,43.0,46.0,41.0,35.0
"station, PM2.5, NO2 -> PM10","station, PM2.5, NO2",PM10,4005,5133,2013-12-01 04:00:00,2013-12-25 20:00:00,Changping,Changping,2013-12,2013-12,night,evening,30.0,240.0,210.0,25.0,24.0,34.0,33.0
"station, PM2.5, NO2 -> PM10","station, PM2.5, NO2",PM10,4159,5395,2013-12-04 10:00:00,2013-12-31 08:00:00,Changping,Changping,2013-12,2013-12,morning,morning,58.0,268.0,210.0,46.0,49.0,37.0,30.0
"station, PM2.5, NO2 -> PM10","station, PM2.5, NO2",PM10,624,5395,2013-09-14 07:00:00,2013-12-31 08:00:00,Changping,Changping,2013-09,2013-12,morning,morning,59.0,268.0,209.0,43.0,49.0,31.0,30.0
"station, PM2.5, NO2 -> PM10","station, PM2.5, NO2",PM10,4747,5133,2013-12-17 18:00:00,2013-12-25 20:00:00,Changping,Changping,2013-12,2013-12,evening,evening,32.0,240.0,208.0,25.0,24.0,29.0,33.0
"station, PM2.5, NO2 -> PM10","station, PM2.5, NO2",PM10,576,3686,2013-09-13 05:00:00,2013-11-24 12:00:00,Changping,Changping,2013-09,2013-11,night,afternoon,33.0,241.0,208.0,61.0,64.0,12.0,19.0
"station, PM2.5, NO2 -> PM10","station, PM2.5, NO2",PM10,446,5133,2013-09-10 09:00:00,2013-12-25 20:00:00,Changping,Changping,2013-09,2013-12,morning,evening,33.0,240.0,207.0,33.0,24.0,24.0,33.0
"station, PM2.5, NO2 -> PM10","station, PM2.5, NO2",PM10,5133,5305,2013-12-25 20:00:00,2013-12-29 11:00:00,Changping,Changping,2013-12,2013-12,evening,morning,240.0,33.0,207.0,24.0,27.0,33.0,31.0
"station, PM2.5, NO2 -> PM10","station, PM2.5, NO2",PM10,1709,5133,2013-10-07 12:00:00,2013-12-25 20:00:00,Changping,Changping,2013-10,2013-12,afternoon,evening,33.0,240.0,207.0,28.0,24.0,28.742,33.0
"station, PM2.5, NO2 -> PM10","station, PM2.5, NO2",PM10,236,5396,2013-09-05 23:00:00,2013-12-31 09:00:00,Aotizhongxin,Aotizhongxin,2013-09,2013-12,evening,morning,44.0,250.0,206.0,39.0,46.0,43.0,35.0
"station, PM2.5, NO2 -> PM10","station, PM2.5, NO2",PM10,4960,5394,2013-12-22 06:00:00,2013-12-31 08:00:00,Aotizhongxin,Aotizhongxin,2013-12,2013-12,morning,morning,31.0,237.0,206.0,56.0,49.0,62.0,72.0
"station, PM2.5, NO2 -> PM10","station, PM2.5, NO2",PM10,3997,5133,2013-12-01 00:00:00,2013-12-25 20:00:00,Changping,Changping,2013-12,2013-12,night,evening,34.0,240.0,206.0,30.0,24.0,30.0,33.0
"station, PM2.5, NO2 -> PM10","station, PM2.5, NO2",PM10,2756,5133,2013-10-30 05:00:00,2013-12-25 20:00:00,Changping,Changping,2013-10,2013-12,night,evening,34.0,240.0,206.0,20.0,24.0,43.0,33.0
"station, PM2.5, NO2 -> PM10","station, PM2.5, NO2",PM10,300,3690,2013-09-07 07:00:00,2013-11-24 14:00:00,Changping,Changping,2013-09,2013-11,morning,afternoon,38.0,244.0,206.0,78.0,71.0,24.0,24.0
"station, PM2.5, NO2 -> PM10","station, PM2.5, NO2",PM10,270,5395,2013-09-06 16:00:00,2013-12-31 08:00:00,Changping,Changping,2013-09,2013-12,afternoon,morning,63.0,268.0,205.0,56.0,49.0,20.0,30.0
"station, PM2.5, NO2 -> PM10","station, PM2.5, NO2",PM10,3756,5133,2013-11-25 23:00:00,2013-12-25 20:00:00,Changping,Changping,2013-11,2013-12,evening,evening,35.0,240.0,205.0,24.0,24.0,35.0,33.0
"station, PM2.5, NO2 -> PM10","station, PM2.5, NO2",PM10,1541,5133,2013-10-04 00:00:00,2013-12-25 20:00:00,Changping,Changping,2013-10,2013-12,night,evening,36.0,240.0,204.0,29.0,24.0,35.0,33.0
"station, PM2.5, NO2 -> PM10","station, PM2.5, NO2",PM10,2946,5396,2013-11-04 13:00:00,2013-12-31 09:00:00,Aotizhongxin,Aotizhongxin,2013-11,2013-12,afternoon,morning,46.0,250.0,204.0,37.0,46.0,43.0,35.0
"station, PM2.5, NO2 -> PM10","station, PM2.5, NO2",PM10,4887,5133,2013-12-20 17:00:00,2013-12-25 20:00:00,Changping,Changping,2013-12,2013-12,afternoon,evening,36.0,240.0,204.0,15.0,24.0,34.0,33.0
"station, PM2.5, NO2 -> PM10","station, PM2.5, NO2",PM10,4031,5133,2013-12-01 17:00:00,2013-12-25 20:00:00,Changping,Changping,2013-12,2013-12,afternoon,evening,36.0,240.0,204.0,22.0,24.0,34.0,33.0
"station, PM2.5, NO2 -> PM10","station, PM2.5, NO2",PM10,240,5396,2013-09-06 01:00:00,2013-12-31 09:00:00,Aotizhongxin,Aotizhongxin,2013-09,2013-12,night,morning,48.0,250.0,202.0,39.0,46.0,39.0,35.0
"station, PM2.5, NO2 -> PM10","station, PM2.5, NO2",PM10,2488,5133,2013-10-24 10:00:00,2013-12-25 20:00:00,Changping,Changping,2013-10,2013-12,morning,evening,38.0,240.0,202.0,15.0,24.0,32.0,33.0
"station, PM2.5, NO2 -> PM10","station, PM2.5, NO2",PM10,300,3346,2013-09-07 07:00:00,2013-11-16 04:00:00,Changping,Changping,2013-09,2013-11,morning,night,38.0,240.0,202.0,78.0,85.0,24.0,30.0
"station, PM2.5, NO2 -> PM10","station, PM2.5, NO2",PM10,2535,5396,2013-10-25 10:00:00,2013-12-31 09:00:00,Aotizhongxin,Aotizhongxin,2013-10,2013-12,morning,morning,48.0,250.0,202.0,39.0,46.0,34.0,35.0
"station, PM2.5, NO2 -> PM10","station, PM2.5, NO2",PM10,3744,5133,2013-11-25 17:00:00,2013-12-25 20:00:00,Changping,Changping,2013-11,2013-12,afternoon,evening,38.0,240.0,202.0,15.0,24.0,34.0,33.0
"station, PM2.5, NO2 -> PM10","station, PM2.5, NO2",PM10,1735,5133,2013-10-08 01:00:00,2013-12-25 20:00:00,Changping,Changping,2013-10,2013-12,night,evening,39.0,240.0,201.0,23.0,24.0,33.4639,33.0
"station, PM2.5, NO2 -> PM10","station, PM2.5, NO2",PM10,3280,5133,2013-11-14 05:00:00,2013-12-25 20:00:00,Changping,Changping,2013-11,2013-12,night,evening,39.0,240.0,201.0,18.0,24.0,42.0,33.0
"station, PM2.5, NO2 -> PM10","station, PM2.5, NO2",PM10,3989,5133,2013-11-30 20:00:00,2013-12-25 20:00:00,Changping,Changping,2013-11,2013-12,evening,evening,39.0,240.0,201.0,27.0,24.0,37.0,33.0
"station, PM2.5, NO2 -> PM10","station, PM2.5, NO2",PM10,3987,5133,2013-11-30 19:00:00,2013-12-25 20:00:00,Changping,Changping,2013-11,2013-12,evening,evening,39.0,240.0,201.0,26.0,24.0,37.0,33.0
"station, PM2.5, NO2 -> PM10","station, PM2.5, NO2",PM10,4168,5396,2013-12-04 15:00:00,2013-12-31 09:00:00,Aotizhongxin,Aotizhongxin,2013-12,2013-12,afternoon,morning,49.0,250.0,201.0,44.0,46.0,43.0,35.0
"station, PM2.5, NO2 -> PM10","station, PM2.5, NO2",PM10,5133,5295,2013-12-25 20:00:00,2013-12-29 06:00:00,Changping,Changping,2013-12,2013-12,evening,morning,240.0,40.0,200.0,24.0,18.0,33.0,34.0
"station, PM2.5, NO2 -> PM10","station, PM2.5, NO2",PM10,4106,5133,2013-12-03 07:00:00,2013-12-25 20:00:00,Changping,Changping,2013-12,2013-12,morning,evening,40.0,240.0,200.0,29.0,24.0,29.0,33.0
"station, PM2.5, NO2 -> PM10","station, PM2.5, NO2",PM10,3054,5133,2013-11-07 13:00:00,2013-12-25 20:00:00,Changping,Changping,2013-11,2013-12,afternoon,evening,40.0,240.0,200.0,26.0,24.0,36.0,33.0
"station, PM2.5, NO2 -> PM10","station, PM2.5, NO2",PM10,2509,5396,2013-10-24 21:00:00,2013-12-31 09:00:00,Aotizhongxin,Aotizhongxin,2013-10,2013-12,evening,morning,50.0,250.0,200.0,38.0,46.0,30.0,35.0
"station, PM2.5, NO2 -> PM10","station, PM2.5, NO2",PM10,4418,5133,2013-12-10 00:00:00,2013-12-25 20:00:00,Changping,Changping,2013-12,2013-12,night,evening,40.0,240.0,200.0,28.0,24.0,32.0,33.0
"station, PM2.5, NO2 -> PM10","station, PM2.5, NO2",PM10,976,5395,2013-09-22 02:00:00,2013-12-31 08:00:00,Changping,Changping,2013-09,2013-12,night,morning,69.0,268.0,199.0,57.0,49.0,32.0,30.0
"station, PM2.5, NO2 -> PM10","station, PM2.5, NO2",PM10,3933,5133,2013-11-29 16:00:00,2013-12-25 20:00:00,Changping,Changping,2013-11,2013-12,afternoon,evening,41.0,240.0,199.0,29.0,24.0,29.0,33.0
"station, PM2.5, NO2 -> PM10","station, PM2.5, NO2",PM10,5133,5289,2013-12-25 20:00:00,2013-12-29 03:00:00,Changping,Changping,2013-12,2013-12,evening,night,240.0,41.0,199.0,24.0,18.0,33.0,41.0
"station, PM2.5, NO2 -> PM10","station, PM2.5, NO2",PM10,974,5395,2013-09-22 01:00:00,2013-12-31 08:00:00,Changping,Changping,2013-09,2013-12,night,morning,70.0,268.0,198.0,59.0,49.0,30.0,30.0
"station, PM2.5, NO2 -> PM10","station, PM2.5, NO2",PM10,1903,5133,2013-10-11 13:00:00,2013-12-25 20:00:00,Changping,Changping,2013-10,2013-12,afternoon,evening,42.0,240.0,198.0,29.0,24.0,38.0,33.0
"station, PM2.5, NO2 -> PM10","station, PM2.5, NO2",PM10,4165,5385,2013-12-04 13:00:00,2013-12-31 03:00:00,Changping,Changping,2013-12,2013-12,afternoon,night,44.0,241.0,197.0,49.0,54.0,37.0,29.0
"station, PM2.5, NO2 -> PM10","station, PM2.5, NO2",PM10,942,5133,2013-09-21 09:00:00,2013-12-25 20:00:00,Changping,Changping,2013-09,2013-12,morning,evening,43.0,240.0,197.0,20.0,24.0,31.0,33.0
"station, PM2.5, NO2 -> PM10","station, PM2.5, NO2",PM10,2953,5133,2013-11-04 16:00:00,2013-12-25 20:00:00,Changping,Changping,2013-11,2013-12,afternoon,evening,44.0,240.0,196.0,33.0,24.0,37.0,33.0
"station, PM2.5, NO2 -> PM10","station, PM2.5, NO2",PM10,3961,5133,2013-11-30 06:00:00,2013-12-25 20:00:00,Changping,Changping,2013-11,2013-12,morning,evening,45.0,240.0,195.0,28.0,24.0,35.0,33.0
"station, PM2.5, NO2 -> PM10","station, PM2.5, NO2",PM10,846,3346,2013-09-19 09:00:00,2013-11-16 04:00:00,Changping,Changping,2013-09,2013-11,morning,night,45.0,240.0,195.0,75.0,85.0,36.0,30.0
"station, PM2.5, NO2 -> PM10","station, PM2.5, NO2",PM10,2101,5133,2013-10-15 16:00:00,2013-12-25 20:00:00,Changping,Changping,2013-10,2013-12,afternoon,evening,46.0,240.0,194.0,15.0,24.0,23.0,33.0
"station, PM2.5, NO2 -> PM10","station, PM2.5, NO2",PM10,306,5385,2013-09-07 10:00:00,2013-12-31 03:00:00,Changping,Changping,2013-09,2013-12,morning,night,48.0,241.0,193.0,45.0,54.0,34.0,29.0
"station, PM2.5, NO2 -> PM10","station, PM2.5, NO2",PM10,4619,5133,2013-12-14 17:00:00,2013-12-25 20:00:00,Changping,Changping,2013-12,2013-12,afternoon,evening,47.0,240.0,193.0,33.0,24.0,37.0,33.0
"station, PM2.5, NO2 -> PM10","station, PM2.5, NO2",PM10,4745,5133,2013-12-17 17:00:00,2013-12-25 20:00:00,Changping,Changping,2013-12,2013-12,afternoon,evening,47.0,240.0,193.0,19.0,24.0,28.0,33.0
"station, PM2.5, NO2 -> PM10","station, PM2.5, NO2",PM10,575,5396,2013-09-13 05:00:00,2013-12-31 09:00:00,Aotizhongxin,Aotizhongxin,2013-09,2013-12,night,morning,58.0,250.0,192.0,41.0,46.0,32.0,35.0
"station, PM2.5, NO2 -> PM10","station, PM2.5, NO2",PM10,250,5385,2013-09-06 06:00:00,2013-12-31 03:00:00,Changping,Changping,2013-09,2013-12,morning,night,49.0,241.0,192.0,47.0,54.0,27.0,29.0
"station, PM2.5, NO2 -> PM10","station, PM2.5, NO2",PM10,944,5133,2013-09-21 10:00:00,2013-12-25 20:00:00,Changping,Changping,2013-09,2013-12,morning,evening,48.0,240.0,192.0,29.0,24.0,32.0,33.0
"station, PM2.5, NO2 -> PM10","station, PM2.5, NO2",PM10,5133,5269,2013-12-25 20:00:00,2013-12-28 17:00:00,Changping,Changping,2013-12,2013-12,evening,afternoon,240.0,48.0,192.0,24.0,18.0,33.0,41.0
"station, PM2.5, NO2 -> PM10","station, PM2.5, NO2",PM10,583,5394,2013-09-13 09:00:00,2013-12-31 08:00:00,Aotizhongxin,Aotizhongxin,2013-09,2013-12,morning,morning,46.0,237.0,191.0,44.0,49.0,80.0,72.0
"station, PM2.5, NO2 -> PM10","station, PM2.5, NO2",PM10,1901,5133,2013-10-11 12:00:00,2013-12-25 20:00:00,Changping,Changping,2013-10,2013-12,afternoon,evening,50.0,240.0,190.0,28.0,24.0,43.0,33.0
"station, PM2.5, NO2 -> PM10","station, PM2.5, NO2",PM10,176,5385,2013-09-04 16:00:00,2013-12-31 03:00:00,Changping,Changping,2013-09,2013-12,afternoon,night,51.0,241.0,190.0,47.0,54.0,21.0,29.0
"station, PM2.5, NO2 -> PM10","station, PM2.5, NO2",PM10,4579,5396,2013-12-13 15:00:00,2013-12-31 09:00:00,Aotizhongxin,Aotizhongxin,2013-12,2013-12,afternoon,morning,60.0,250.0,190.0,45.0,46.0,36.0,35.0
"station, PM2.5, NO2 -> PM10","station, PM2.5, NO2",PM10,2496,5133,2013-10-24 14:00:00,2013-12-25 20:00:00,Changping,Changping,2013-10,2013-12,afternoon,evening,51.0,240.0,189.0,22.0,24.0,27.0,33.0
"station, PM2.5, NO2 -> PM10","station, PM2.5, NO2",PM10,590,5395,2013-09-13 12:00:00,2013-12-31 08:00:00,Changping,Changping,2013-09,2013-12,afternoon,morning,80.0,268.0,188.0,57.0,49.0,26.0,30.0
"station, PM2.5, NO2 -> PM10","station, PM2.5, NO2",PM10,162,5385,2013-09-04 09:00:00,2013-12-31 03:00:00,Changping,Changping,2013-09,2013-12,morning,night,54.0,241.0,187.0,50.0,54.0,32.0,29.0
"station, PM2.5, NO2 -> PM10","station, PM2.5, NO2",PM10,4102,5385,2013-12-03 05:00:00,2013-12-31 03:00:00,Changping,Changping,2013-12,2013-12,night,night,55.0,241.0,186.0,47.0,54.0,35.0,29.0
"station, PM2.5, NO2 -> PM10","station, PM2.5, NO2",PM10,387,5394,2013-09-09 03:00:00,2013-12-31 08:00:00,Aotizhongxin,Aotizhongxin,2013-09,2013-12,night,morning,52.0,237.0,185.0,50.0,49.0,81.0,72.0
"station, PM2.5, NO2 -> PM10","station, PM2.5, NO2",PM10,1907,5395,2013-10-11 15:00:00,2013-12-31 08:00:00,Changping,Changping,2013-10,2013-12,afternoon,morning,84.0,268.0,184.0,40.0,49.0,36.0,30.0
"station, PM2.5, NO2 -> PM10","station, PM2.5, NO2",PM10,5133,5333,2013-12-25 20:00:00,2013-12-30 01:00:00,Changping,Changping,2013-12,2013-12,evening,night,240.0,56.0,184.0,24.0,32.0,33.0,40.0
"station, PM2.5, NO2 -> PM10","station, PM2.5, NO2",PM10,4159,5385,2013-12-04 10:00:00,2013-12-31 03:00:00,Changping,Changping,2013-12,2013-12,morning,night,58.0,241.0,183.0,46.0,54.0,37.0,29.0
"station, PM2.5, NO2 -> PM10","station, PM2.5, NO2",PM10,3202,5396,2013-11-11 16:00:00,2013-12-31 09:00:00,Aotizhongxin,Aotizhongxin,2013-11,2013-12,afternoon,morning,67.0,250.0,183.0,41.0,46.0,44.0,35.0
"station, PM2.5, NO2 -> PM10","station, PM2.5, NO2",PM10,728,5395,2013-09-16 11:00:00,2013-12-31 08:00:00,Changping,Changping,2013-09,2013-12,morning,morning,86.0,268.0,182.0,45.0,49.0,31.0,30.0
"station, PM2.5, NO2 -> PM10","station, PM2.5, NO2",PM10,960,5133,2013-09-21 18:00:00,2013-12-25 20:00:00,Changping,Changping,2013-09,2013-12,evening,evening,58.0,240.0,182.0,29.0,24.0,41.0,33.0
"station, PM2.5, NO2 -> PM10","station, PM2.5, NO2",PM10,878,3346,2013-09-20 01:00:00,2013-11-16 04:00:00,Changping,Changping,2013-09,2013-11,night,night,59.0,240.0,181.0,89.0,85.0,21.0,30.0
"station, PM2.5, NO2 -> PM10","station, PM2.5, NO2",PM10,1185,5394,2013-09-26 12:00:00,2013-12-31 08:00:00,Aotizhongxin,Aotizhongxin,2013-09,2013-12,afternoon,morning,56.0,237.0,181.0,45.0,49.0,70.0,72.0
"station, PM2.5, NO2 -> PM10","station, PM2.5, NO2",PM10,1899,5133,2013-10-11 11:00:00,2013-12-25 20:00:00,Changping,Changping,2013-10,2013-12,morning,evening,60.0,240.0,180.0,14.0,24.0,39.0,33.0
"station, PM2.5, NO2 -> PM10","station, PM2.5, NO2",PM10,1442,5394,2013-10-01 22:00:00,2013-12-31 08:00:00,Aotizhongxin,Aotizhongxin,2013-10,2013-12,evening,morning,57.0,237.0,180.0,41.0,49.0,73.0,72.0
"station, PM2.5, NO2 -> PM10","station, PM2.5, NO2",PM10,1934,5394,2013-10-12 05:00:00,2013-12-31 08:00:00,Aotizhongxin,Aotizhongxin,2013-10,2013-12,night,morning,57.0,237.0,180.0,49.0,49.0,66.0,72.0
"station, PM2.5, NO2 -> PM10","station, PM2.5, NO2",PM10,2592,5396,2013-10-26 15:00:00,2013-12-31 09:00:00,Aotizhongxin,Aotizhongxin,2013-10,2013-12,afternoon,morning,71.0,250.0,179.0,46.0,46.0,42.0,35.0
"station, PM2.5, NO2 -> PM10","station, PM2.5, NO2",PM10,270,5385,2013-09-06 16:00:00,2013-12-31 03:00:00,Changping,Changping,2013-09,2013-12,afternoon,night,63.0,241.0,178.0,56.0,54.0,20.0,29.0
"station, PM2.5, NO2 -> PM10","station, PM2.5, NO2",PM10,270,3686,2013-09-06 16:00:00,2013-11-24 12:00:00,Changping,Changping,2013-09,2013-11,afternoon,afternoon,63.0,241.0,178.0,56.0,64.0,20.0,19.0
"station, PM2.5, NO2 -> PM10","station, PM2.5, NO2",PM10,272,5385,2013-09-06 17:00:00,2013-12-31 03:00:00,Changping,Changping,2013-09,2013-12,afternoon,night,66.0,241.0,175.0,60.0,54.0,19.0,29.0
"station, PM2.5, NO2 -> PM10","station, PM2.5, NO2",PM10,272,3686,2013-09-06 17:00:00,2013-11-24 12:00:00,Changping,Changping,2013-09,2013-11,afternoon,afternoon,66.0,241.0,175.0,60.0,64.0,19.0,19.0
"station, PM2.5, NO2 -> PM10","station, PM2.5, NO2",PM10,100,3686,2013-09-03 02:00:00,2013-11-24 12:00:00,Changping,Changping,2013-09,2013-11,night,afternoon,66.0,241.0,175.0,59.0,64.0,15.0,19.0
"station, PM2.5, NO2 -> PM10","station, PM2.5, NO2",PM10,1500,5394,2013-10-03 04:00:00,2013-12-31 08:00:00,Aotizhongxin,Aotizhongxin,2013-10,2013-12,night,morning,62.0,237.0,175.0,44.0,49.0,65.0,72.0
"station, PM2.5, NO2 -> PM10","station, PM2.5, NO2",PM10,1733,5395,2013-10-08 00:00:00,2013-12-31 08:00:00,Changping,Changping,2013-10,2013-12,night,morning,94.0,268.0,174.0,59.0,49.0,39.4176,30.0
"station, PM2.5, NO2 -> PM10","station, PM2.5, NO2",PM10,2428,5133,2013-10-23 04:00:00,2013-12-25 20:00:00,Changping,Changping,2013-10,2013-12,night,evening,66.0,240.0,174.0,19.0,24.0,26.0,33.0
"station, PM2.5, NO2 -> PM10","station, PM2.5, NO2",PM10,98,3686,2013-09-03 01:00:00,2013-11-24 12:00:00,Changping,Changping,2013-09,2013-11,night,afternoon,67.0,241.0,174.0,64.0,64.0,12.0,19.0
"station, PM2.5, NO2 -> PM10","station, PM2.5, NO2",PM10,1001,5388,2013-09-22 16:00:00,2013-12-31 05:00:00,Aotizhongxin,Aotizhongxin,2013-09,2013-12,afternoon,night,105.0,279.0,174.0,93.0,100.0,94.0,104.0
"station, PM2.5, NO2 -> PM10","station, PM2.5, NO2",PM10,3674,5133,2013-11-24 06:00:00,2013-12-25 20:00:00,Changping,Changping,2013-11,2013-12,morning,evening,67.0,240.0,173.0,34.0,24.0,24.0,33.0
"station, PM2.5, NO2 -> PM10","station, PM2.5, NO2",PM10,976,5385,2013-09-22 02:00:00,2013-12-31 03:00:00,Changping,Changping,2013-09,2013-12,night,night,69.0,241.0,172.0,57.0,54.0,32.0,29.0
"station, PM2.5, NO2 -> PM10","station, PM2.5, NO2",PM10,974,5385,2013-09-22 01:00:00,2013-12-31 03:00:00,Changping,Changping,2013-09,2013-12,night,night,70.0,241.0,171.0,59.0,54.0,30.0,29.0
"station, PM2.5, NO2 -> PM10","station, PM2.5, NO2",PM10,946,5133,2013-09-21 11:00:00,2013-12-25 20:00:00,Changping,Changping,2013-09,2013-12,morning,evening,69.0,240.0,171.0,33.0,24.0,43.0,33.0
"station, PM2.5, NO2 -> PM10","station, PM2.5, NO2",PM10,1760,5396,2013-10-08 14:00:00,2013-12-31 09:00:00,Aotizhongxin,Aotizhongxin,2013-10,2013-12,afternoon,morning,79.0,250.0,171.0,54.0,46.0,37.0,35.0
"station, PM2.5, NO2 -> PM10","station, PM2.5, NO2",PM10,733,5396,2013-09-16 15:00:00,2013-12-31 09:00:00,Aotizhongxin,Aotizhongxin,2013-09,2013-12,afternoon,morning,80.0,250.0,170.0,44.0,46.0,44.0,35.0
"station, PM2.5, NO2 -> PM10","station, PM2.5, NO2",PM10,92,3690,2013-09-02 22:00:00,2013-11-24 14:00:00,Changping,Changping,2013-09,2013-11,evening,afternoon,75.0,244.0,169.0,63.0,71.0,24.0,24.0
"station, PM2.5, NO2 -> PM10","station, PM2.5, NO2",PM10,5125,5133,2013-12-25 16:00:00,2013-12-25 20:00:00,Changping,Changping,2013-12,2013-12,afternoon,evening,72.0,240.0,168.0,32.0,24.0,26.0,33.0
"station, PM2.5, NO2 -> PM10","station, PM2.5, NO2",PM10,3922,5394,2013-11-29 11:00:00,2013-12-31 08:00:00,Aotizhongxin,Aotizhongxin,2013-11,2013-12,morning,morning,69.0,237.0,168.0,43.0,49.0,75.0,72.0
"station, PM2.5, NO2 -> PM10","station, PM2.5, NO2",PM10,1216,5385,2013-09-27 03:00:00,2013-12-31 03:00:00,Changping,Changping,2013-09,2013-12,night,night,73.0,241.0,168.0,61.0,54.0,39.0,29.0
"station, PM2.5, NO2 -> PM10","station, PM2.5, NO2",PM10,1731,5133,2013-10-07 23:00:00,2013-12-25 20:00:00,Changping,Changping,2013-10,2013-12,evening,evening,74.0,240.0,166.0,26.0,24.0,40.4441,33.0
"station, PM2.5, NO2 -> PM10","station, PM2.5, NO2",PM10,92,3686,2013-09-02 22:00:00,2013-11-24 12:00:00,Changping,Changping,2013-09,2013-11,evening,afternoon,75.0,241.0,166.0,63.0,64.0,24.0,19.0
"station, PM2.5, NO2 -> PM10","station, PM2.5, NO2",PM10,92,5385,2013-09-02 22:00:00,2013-12-31 03:00:00,Changping,Changping,2013-09,2013-12,evening,night,75.0,241.0,166.0,63.0,54.0,24.0,29.0
"station, PM2.5, NO2 -> PM10","station, PM2.5, NO2",PM10,4500,5394,2013-12-11 20:00:00,2013-12-31 08:00:00,Aotizhongxin,Aotizhongxin,2013-12,2013-12,evening,morning,72.0,237.0,165.0,47.0,49.0,69.0,72.0
"station, PM2.5, NO2 -> PM10","station, PM2.5, NO2",PM10,3304,5133,2013-11-14 17:00:00,2013-12-25 20:00:00,Changping,Changping,2013-11,2013-12,afternoon,evening,75.0,240.0,165.0,25.0,24.0,40.0,33.0
"station, PM2.5, NO2 -> PM10","station, PM2.5, NO2",PM10,585,5394,2013-09-13 10:00:00,2013-12-31 08:00:00,Aotizhongxin,Aotizhongxin,2013-09,2013-12,morning,morning,73.0,237.0,164.0,58.0,49.0,82.0,72.0
"station, PM2.5, NO2 -> PM10","station, PM2.5, NO2",PM10,1904,5396,2013-10-11 14:00:00,2013-12-31 09:00:00,Aotizhongxin,Aotizhongxin,2013-10,2013-12,afternoon,morning,87.0,250.0,163.0,43.0,46.0,34.0,35.0
"station, PM2.5, NO2 -> PM10","station, PM2.5, NO2",PM10,2118,5394,2013-10-16 01:00:00,2013-12-31 08:00:00,Aotizhongxin,Aotizhongxin,2013-10,2013-12,night,morning,74.0,237.0,163.0,47.0,49.0,65.0,72.0
"station, PM2.5, NO2 -> PM10","station, PM2.5, NO2",PM10,1777,3690,2013-10-08 22:00:00,2013-11-24 14:00:00,Changping,Changping,2013-10,2013-11,evening,afternoon,81.0,244.0,163.0,65.0,71.0,34.0,24.0
"station, PM2.5, NO2 -> PM10","station, PM2.5, NO2",PM10,128,3686,2013-09-03 16:00:00,2013-11-24 12:00:00,Changping,Changping,2013-09,2013-11,afternoon,afternoon,78.0,241.0,163.0,68.0,64.0,11.0,19.0
"station, PM2.5, NO2 -> PM10","station, PM2.5, NO2",PM10,1909,5395,2013-10-11 16:00:00,2013-12-31 08:00:00,Changping,Changping,2013-10,2013-12,afternoon,morning,106.0,268.0,162.0,42.0,49.0,40.0,30.0
"station, PM2.5, NO2 -> PM10","station, PM2.5, NO2",PM10,2138,5394,2013-10-16 11:00:00,2013-12-31 08:00:00,Aotizhongxin,Aotizhongxin,2013-10,2013-12,morning,morning,75.0,237.0,162.0,39.0,49.0,73.0,72.0
"station, PM2.5, NO2 -> PM10","station, PM2.5, NO2",PM10,401,5385,2013-09-09 10:00:00,2013-12-31 03:00:00,Changping,Changping,2013-09,2013-12,morning,night,79.0,241.0,162.0,63.0,54.0,38.0,29.0
"station, PM2.5, NO2 -> PM10","station, PM2.5, NO2",PM10,4359,5133,2013-12-08 18:00:00,2013-12-25 20:00:00,Changping,Changping,2013-12,2013-12,evening,evening,79.0,240.0,161.0,19.0,24.0,27.0,33.0
"station, PM2.5, NO2 -> PM10","station, PM2.5, NO2",PM10,1762,5396,2013-10-08 15:00:00,2013-12-31 09:00:00,Aotizhongxin,Aotizhongxin,2013-10,2013-12,afternoon,morning,89.0,250.0,161.0,55.0,46.0,35.0,35.0
"station, PM2.5, NO2 -> PM10","station, PM2.5, NO2",PM10,590,3686,2013-09-13 12:00:00,2013-11-24 12:00:00,Changping,Changping,2013-09,2013-11,afternoon,afternoon,80.0,241.0,161.0,57.0,64.0,26.0,19.0
"station, PM2.5, NO2 -> PM10","station, PM2.5, NO2",PM10,3988,5394,2013-11-30 20:00:00,2013-12-31 08:00:00,Aotizhongxin,Aotizhongxin,2013-11,2013-12,evening,morning,76.0,237.0,161.0,39.0,49.0,69.0,72.0
"station, PM2.5, NO2 -> PM10","station, PM2.5, NO2",PM10,955,5396,2013-09-21 16:00:00,2013-12-31 09:00:00,Aotizhongxin,Aotizhongxin,2013-09,2013-12,afternoon,morning,89.0,250.0,161.0,38.0,46.0,36.0,35.0
